2026-04-25 17:10:01 | ============================================================
2026-04-25 17:10:01 | Training started
2026-04-25 17:10:01 | epochs       : 2000
2026-04-25 17:10:01 | learning_rate: 0.001
2026-04-25 17:10:01 | weight_decay : 1e-05
2026-04-25 17:10:01 | step_size    : 1
2026-04-25 17:10:01 | gamma        : 0.995
2026-04-25 17:10:01 | epoch_save   : 200
2026-04-25 17:10:01 | ============================================================
2026-04-25 17:10:03 | Epoch 00000 | train: 0.017817
2026-04-25 17:10:03 | Epoch 00000 | test : 0.016887  [lr=9.95e-04]
2026-04-25 17:10:03 | Epoch 00000 | best model saved  (test_loss=0.016887)
2026-04-25 17:10:03 | Epoch 00001 | train: 0.009607
2026-04-25 17:10:03 | Epoch 00002 | train: 0.005492
2026-04-25 17:10:03 | Epoch 00003 | train: 0.002221
2026-04-25 17:10:03 | Epoch 00004 | train: 0.001531
2026-04-25 17:10:03 | Epoch 00005 | train: 0.001383
2026-04-25 17:10:03 | Epoch 00006 | train: 0.001428
2026-04-25 17:10:03 | Epoch 00007 | train: 0.001289
2026-04-25 17:10:03 | Epoch 00008 | train: 0.001306
2026-04-25 17:10:03 | Epoch 00009 | train: 0.001198
2026-04-25 17:10:03 | Epoch 00010 | train: 0.001189
2026-04-25 17:10:03 | Epoch 00011 | train: 0.001261
2026-04-25 17:10:03 | Epoch 00012 | train: 0.001159
2026-04-25 17:10:03 | Epoch 00013 | train: 0.001126
2026-04-25 17:10:03 | Epoch 00014 | train: 0.001054
2026-04-25 17:10:04 | Epoch 00015 | train: 0.001080
2026-04-25 17:10:04 | Epoch 00016 | train: 0.001028
2026-04-25 17:10:04 | Epoch 00017 | train: 0.000947
2026-04-25 17:10:04 | Epoch 00018 | train: 0.000832
2026-04-25 17:10:04 | Epoch 00019 | train: 0.000745
2026-04-25 17:10:04 | Epoch 00020 | train: 0.000603
2026-04-25 17:10:04 | Epoch 00021 | train: 0.000375
2026-04-25 17:10:04 | Epoch 00022 | train: 0.000173
2026-04-25 17:10:04 | Epoch 00023 | train: 0.000130
2026-04-25 17:10:04 | Epoch 00024 | train: 0.000148
2026-04-25 17:10:04 | Epoch 00025 | train: 0.000150
2026-04-25 17:10:04 | Epoch 00026 | train: 0.000140
2026-04-25 17:10:04 | Epoch 00027 | train: 0.000134
2026-04-25 17:10:04 | Epoch 00028 | train: 0.000117
2026-04-25 17:10:04 | Epoch 00029 | train: 0.000089
2026-04-25 17:10:04 | Epoch 00030 | train: 0.000078
2026-04-25 17:10:04 | Epoch 00031 | train: 0.000067
2026-04-25 17:10:04 | Epoch 00032 | train: 0.000048
2026-04-25 17:10:04 | Epoch 00033 | train: 0.000046
2026-04-25 17:10:04 | Epoch 00034 | train: 0.000035
2026-04-25 17:10:04 | Epoch 00035 | train: 0.000034
2026-04-25 17:10:04 | Epoch 00036 | train: 0.000029
2026-04-25 17:10:04 | Epoch 00037 | train: 0.000031
2026-04-25 17:10:04 | Epoch 00038 | train: 0.000029
2026-04-25 17:10:04 | Epoch 00039 | train: 0.000035
2026-04-25 17:10:04 | Epoch 00040 | train: 0.000047
2026-04-25 17:10:04 | Epoch 00041 | train: 0.000044
2026-04-25 17:10:04 | Epoch 00042 | train: 0.000077
2026-04-25 17:10:04 | Epoch 00043 | train: 0.000097
2026-04-25 17:10:04 | Epoch 00044 | train: 0.000097
2026-04-25 17:10:05 | Epoch 00045 | train: 0.000056
2026-04-25 17:10:05 | Epoch 00046 | train: 0.000031
2026-04-25 17:10:05 | Epoch 00047 | train: 0.000042
2026-04-25 17:10:05 | Epoch 00048 | train: 0.000030
2026-04-25 17:10:05 | Epoch 00049 | train: 0.000021
2026-04-25 17:10:05 | Epoch 00050 | train: 0.000021
2026-04-25 17:10:05 | Epoch 00051 | train: 0.000020
2026-04-25 17:10:05 | Epoch 00052 | train: 0.000029
2026-04-25 17:10:05 | Epoch 00053 | train: 0.000033
2026-04-25 17:10:05 | Epoch 00054 | train: 0.000037
2026-04-25 17:10:05 | Epoch 00055 | train: 0.000024
2026-04-25 17:10:05 | Epoch 00056 | train: 0.000021
2026-04-25 17:10:05 | Epoch 00057 | train: 0.000021
2026-04-25 17:10:05 | Epoch 00058 | train: 0.000025
2026-04-25 17:10:05 | Epoch 00059 | train: 0.000016
2026-04-25 17:10:05 | Epoch 00060 | train: 0.000016
2026-04-25 17:10:05 | Epoch 00061 | train: 0.000029
2026-04-25 17:10:05 | Epoch 00062 | train: 0.000024
2026-04-25 17:10:05 | Epoch 00063 | train: 0.000020
2026-04-25 17:10:05 | Epoch 00064 | train: 0.000016
2026-04-25 17:10:05 | Epoch 00065 | train: 0.000019
2026-04-25 17:10:05 | Epoch 00066 | train: 0.000025
2026-04-25 17:10:05 | Epoch 00067 | train: 0.000019
2026-04-25 17:10:05 | Epoch 00068 | train: 0.000016
2026-04-25 17:10:05 | Epoch 00069 | train: 0.000018
2026-04-25 17:10:05 | Epoch 00070 | train: 0.000017
2026-04-25 17:10:05 | Epoch 00071 | train: 0.000017
2026-04-25 17:10:05 | Epoch 00072 | train: 0.000016
2026-04-25 17:10:05 | Epoch 00073 | train: 0.000015
2026-04-25 17:10:05 | Epoch 00074 | train: 0.000015
2026-04-25 17:10:06 | Epoch 00075 | train: 0.000018
2026-04-25 17:10:06 | Epoch 00076 | train: 0.000018
2026-04-25 17:10:06 | Epoch 00077 | train: 0.000025
2026-04-25 17:10:06 | Epoch 00078 | train: 0.000023
2026-04-25 17:10:06 | Epoch 00079 | train: 0.000022
2026-04-25 17:10:06 | Epoch 00080 | train: 0.000015
2026-04-25 17:10:06 | Epoch 00081 | train: 0.000013
2026-04-25 17:10:06 | Epoch 00082 | train: 0.000015
2026-04-25 17:10:06 | Epoch 00083 | train: 0.000014
2026-04-25 17:10:06 | Epoch 00084 | train: 0.000018
2026-04-25 17:10:06 | Epoch 00085 | train: 0.000013
2026-04-25 17:10:06 | Epoch 00086 | train: 0.000015
2026-04-25 17:10:06 | Epoch 00087 | train: 0.000014
2026-04-25 17:10:06 | Epoch 00088 | train: 0.000013
2026-04-25 17:10:06 | Epoch 00089 | train: 0.000013
2026-04-25 17:10:06 | Epoch 00090 | train: 0.000014
2026-04-25 17:10:06 | Epoch 00091 | train: 0.000013
2026-04-25 17:10:06 | Epoch 00092 | train: 0.000014
2026-04-25 17:10:06 | Epoch 00093 | train: 0.000015
2026-04-25 17:10:06 | Epoch 00094 | train: 0.000023
2026-04-25 17:10:06 | Epoch 00095 | train: 0.000019
2026-04-25 17:10:06 | Epoch 00096 | train: 0.000011
2026-04-25 17:10:06 | Epoch 00097 | train: 0.000030
2026-04-25 17:10:06 | Epoch 00098 | train: 0.000025
2026-04-25 17:10:06 | Epoch 00099 | train: 0.000058
2026-04-25 17:10:06 | Epoch 00100 | train: 0.000045
2026-04-25 17:10:06 | Epoch 00101 | train: 0.000027
2026-04-25 17:10:06 | Epoch 00102 | train: 0.000021
2026-04-25 17:10:06 | Epoch 00103 | train: 0.000016
2026-04-25 17:10:07 | Epoch 00104 | train: 0.000015
2026-04-25 17:10:07 | Epoch 00105 | train: 0.000014
2026-04-25 17:10:07 | Epoch 00106 | train: 0.000022
2026-04-25 17:10:07 | Epoch 00107 | train: 0.000022
2026-04-25 17:10:07 | Epoch 00108 | train: 0.000022
2026-04-25 17:10:07 | Epoch 00109 | train: 0.000017
2026-04-25 17:10:07 | Epoch 00110 | train: 0.000016
2026-04-25 17:10:07 | Epoch 00111 | train: 0.000012
2026-04-25 17:10:07 | Epoch 00112 | train: 0.000015
2026-04-25 17:10:07 | Epoch 00113 | train: 0.000020
2026-04-25 17:10:07 | Epoch 00114 | train: 0.000013
2026-04-25 17:10:07 | Epoch 00115 | train: 0.000013
2026-04-25 17:10:07 | Epoch 00116 | train: 0.000017
2026-04-25 17:10:07 | Epoch 00117 | train: 0.000015
2026-04-25 17:10:07 | Epoch 00118 | train: 0.000012
2026-04-25 17:10:07 | Epoch 00119 | train: 0.000013
2026-04-25 17:10:07 | Epoch 00120 | train: 0.000012
2026-04-25 17:10:07 | Epoch 00121 | train: 0.000011
2026-04-25 17:10:07 | Epoch 00122 | train: 0.000018
2026-04-25 17:10:07 | Epoch 00123 | train: 0.000017
2026-04-25 17:10:07 | Epoch 00124 | train: 0.000013
2026-04-25 17:10:07 | Epoch 00125 | train: 0.000012
2026-04-25 17:10:07 | Epoch 00126 | train: 0.000012
2026-04-25 17:10:07 | Epoch 00127 | train: 0.000010
2026-04-25 17:10:07 | Epoch 00128 | train: 0.000010
2026-04-25 17:10:07 | Epoch 00129 | train: 0.000012
2026-04-25 17:10:07 | Epoch 00130 | train: 0.000017
2026-04-25 17:10:07 | Epoch 00131 | train: 0.000014
2026-04-25 17:10:07 | Epoch 00132 | train: 0.000014
2026-04-25 17:10:07 | Epoch 00133 | train: 0.000012
2026-04-25 17:10:08 | Epoch 00134 | train: 0.000014
2026-04-25 17:10:08 | Epoch 00135 | train: 0.000013
2026-04-25 17:10:08 | Epoch 00136 | train: 0.000010
2026-04-25 17:10:08 | Epoch 00137 | train: 0.000013
2026-04-25 17:10:08 | Epoch 00138 | train: 0.000017
2026-04-25 17:10:08 | Epoch 00139 | train: 0.000010
2026-04-25 17:10:08 | Epoch 00140 | train: 0.000012
2026-04-25 17:10:08 | Epoch 00141 | train: 0.000018
2026-04-25 17:10:08 | Epoch 00142 | train: 0.000020
2026-04-25 17:10:08 | Epoch 00143 | train: 0.000018
2026-04-25 17:10:08 | Epoch 00144 | train: 0.000019
2026-04-25 17:10:08 | Epoch 00145 | train: 0.000011
2026-04-25 17:10:08 | Epoch 00146 | train: 0.000014
2026-04-25 17:10:08 | Epoch 00147 | train: 0.000014
2026-04-25 17:10:08 | Epoch 00148 | train: 0.000010
2026-04-25 17:10:08 | Epoch 00149 | train: 0.000010
2026-04-25 17:10:08 | Epoch 00150 | train: 0.000010
2026-04-25 17:10:08 | Epoch 00151 | train: 0.000010
2026-04-25 17:10:08 | Epoch 00152 | train: 0.000009
2026-04-25 17:10:08 | Epoch 00153 | train: 0.000010
2026-04-25 17:10:08 | Epoch 00154 | train: 0.000011
2026-04-25 17:10:08 | Epoch 00155 | train: 0.000010
2026-04-25 17:10:08 | Epoch 00156 | train: 0.000011
2026-04-25 17:10:08 | Epoch 00157 | train: 0.000012
2026-04-25 17:10:08 | Epoch 00158 | train: 0.000012
2026-04-25 17:10:08 | Epoch 00159 | train: 0.000016
2026-04-25 17:10:08 | Epoch 00160 | train: 0.000024
2026-04-25 17:10:08 | Epoch 00161 | train: 0.000020
2026-04-25 17:10:08 | Epoch 00162 | train: 0.000025
2026-04-25 17:10:08 | Epoch 00163 | train: 0.000027
2026-04-25 17:10:09 | Epoch 00164 | train: 0.000021
2026-04-25 17:10:09 | Epoch 00165 | train: 0.000017
2026-04-25 17:10:09 | Epoch 00166 | train: 0.000021
2026-04-25 17:10:09 | Epoch 00167 | train: 0.000019
2026-04-25 17:10:09 | Epoch 00168 | train: 0.000010
2026-04-25 17:10:09 | Epoch 00169 | train: 0.000014
2026-04-25 17:10:09 | Epoch 00170 | train: 0.000011
2026-04-25 17:10:09 | Epoch 00171 | train: 0.000013
2026-04-25 17:10:09 | Epoch 00172 | train: 0.000016
2026-04-25 17:10:09 | Epoch 00173 | train: 0.000014
2026-04-25 17:10:09 | Epoch 00174 | train: 0.000009
2026-04-25 17:10:09 | Epoch 00175 | train: 0.000010
2026-04-25 17:10:09 | Epoch 00176 | train: 0.000010
2026-04-25 17:10:09 | Epoch 00177 | train: 0.000009
2026-04-25 17:10:09 | Epoch 00178 | train: 0.000009
2026-04-25 17:10:09 | Epoch 00179 | train: 0.000012
2026-04-25 17:10:09 | Epoch 00180 | train: 0.000016
2026-04-25 17:10:09 | Epoch 00181 | train: 0.000022
2026-04-25 17:10:09 | Epoch 00182 | train: 0.000023
2026-04-25 17:10:09 | Epoch 00183 | train: 0.000018
2026-04-25 17:10:09 | Epoch 00184 | train: 0.000011
2026-04-25 17:10:09 | Epoch 00185 | train: 0.000009
2026-04-25 17:10:09 | Epoch 00186 | train: 0.000008
2026-04-25 17:10:09 | Epoch 00187 | train: 0.000009
2026-04-25 17:10:09 | Epoch 00188 | train: 0.000010
2026-04-25 17:10:09 | Epoch 00189 | train: 0.000010
2026-04-25 17:10:09 | Epoch 00190 | train: 0.000009
2026-04-25 17:10:09 | Epoch 00191 | train: 0.000008
2026-04-25 17:10:09 | Epoch 00192 | train: 0.000009
2026-04-25 17:10:10 | Epoch 00193 | train: 0.000013
2026-04-25 17:10:10 | Epoch 00194 | train: 0.000011
2026-04-25 17:10:10 | Epoch 00195 | train: 0.000010
2026-04-25 17:10:10 | Epoch 00196 | train: 0.000011
2026-04-25 17:10:10 | Epoch 00197 | train: 0.000008
2026-04-25 17:10:10 | Epoch 00198 | train: 0.000009
2026-04-25 17:10:10 | Epoch 00199 | train: 0.000011
2026-04-25 17:10:10 | Epoch 00200 | train: 0.000010
2026-04-25 17:10:10 | Epoch 00200 | test : 0.000007  [lr=3.65e-04]
2026-04-25 17:10:10 | Epoch 00200 | best model saved  (test_loss=0.000007)
2026-04-25 17:10:10 | Epoch 00201 | train: 0.000008
2026-04-25 17:10:10 | Epoch 00202 | train: 0.000008
2026-04-25 17:10:10 | Epoch 00203 | train: 0.000010
2026-04-25 17:10:10 | Epoch 00204 | train: 0.000008
2026-04-25 17:10:10 | Epoch 00205 | train: 0.000009
2026-04-25 17:10:10 | Epoch 00206 | train: 0.000008
2026-04-25 17:10:10 | Epoch 00207 | train: 0.000010
2026-04-25 17:10:10 | Epoch 00208 | train: 0.000009
2026-04-25 17:10:10 | Epoch 00209 | train: 0.000008
2026-04-25 17:10:10 | Epoch 00210 | train: 0.000009
2026-04-25 17:10:10 | Epoch 00211 | train: 0.000011
2026-04-25 17:10:10 | Epoch 00212 | train: 0.000008
2026-04-25 17:10:10 | Epoch 00213 | train: 0.000008
2026-04-25 17:10:10 | Epoch 00214 | train: 0.000009
2026-04-25 17:10:10 | Epoch 00215 | train: 0.000011
2026-04-25 17:10:10 | Epoch 00216 | train: 0.000011
2026-04-25 17:10:10 | Epoch 00217 | train: 0.000011
2026-04-25 17:10:10 | Epoch 00218 | train: 0.000011
2026-04-25 17:10:10 | Epoch 00219 | train: 0.000009
2026-04-25 17:10:10 | Epoch 00220 | train: 0.000009
2026-04-25 17:10:11 | Epoch 00221 | train: 0.000010
2026-04-25 17:10:11 | Epoch 00222 | train: 0.000012
2026-04-25 17:10:11 | Epoch 00223 | train: 0.000013
2026-04-25 17:10:11 | Epoch 00224 | train: 0.000008
2026-04-25 17:10:11 | Epoch 00225 | train: 0.000007
2026-04-25 17:10:11 | Epoch 00226 | train: 0.000008
2026-04-25 17:10:11 | Epoch 00227 | train: 0.000009
2026-04-25 17:10:11 | Epoch 00228 | train: 0.000009
2026-04-25 17:10:11 | Epoch 00229 | train: 0.000009
2026-04-25 17:10:11 | Epoch 00230 | train: 0.000009
2026-04-25 17:10:11 | Epoch 00231 | train: 0.000014
2026-04-25 17:10:11 | Epoch 00232 | train: 0.000012
2026-04-25 17:10:11 | Epoch 00233 | train: 0.000010
2026-04-25 17:10:11 | Epoch 00234 | train: 0.000012
2026-04-25 17:10:11 | Epoch 00235 | train: 0.000008
2026-04-25 17:10:11 | Epoch 00236 | train: 0.000007
2026-04-25 17:10:11 | Epoch 00237 | train: 0.000009
2026-04-25 17:10:11 | Epoch 00238 | train: 0.000010
2026-04-25 17:10:11 | Epoch 00239 | train: 0.000011
2026-04-25 17:10:11 | Epoch 00240 | train: 0.000009
2026-04-25 17:10:11 | Epoch 00241 | train: 0.000014
2026-04-25 17:10:11 | Epoch 00242 | train: 0.000015
2026-04-25 17:10:11 | Epoch 00243 | train: 0.000013
2026-04-25 17:10:11 | Epoch 00244 | train: 0.000009
2026-04-25 17:10:11 | Epoch 00245 | train: 0.000007
2026-04-25 17:10:11 | Epoch 00246 | train: 0.000010
2026-04-25 17:10:11 | Epoch 00247 | train: 0.000012
2026-04-25 17:10:11 | Epoch 00248 | train: 0.000009
2026-04-25 17:10:11 | Epoch 00249 | train: 0.000008
2026-04-25 17:10:12 | Epoch 00250 | train: 0.000008
2026-04-25 17:10:12 | Epoch 00251 | train: 0.000008
2026-04-25 17:10:12 | Epoch 00252 | train: 0.000010
2026-04-25 17:10:12 | Epoch 00253 | train: 0.000007
2026-04-25 17:10:12 | Epoch 00254 | train: 0.000007
2026-04-25 17:10:12 | Epoch 00255 | train: 0.000009
2026-04-25 17:10:12 | Epoch 00256 | train: 0.000014
2026-04-25 17:10:12 | Epoch 00257 | train: 0.000013
2026-04-25 17:10:12 | Epoch 00258 | train: 0.000013
2026-04-25 17:10:12 | Epoch 00259 | train: 0.000010
2026-04-25 17:10:12 | Epoch 00260 | train: 0.000009
2026-04-25 17:10:12 | Epoch 00261 | train: 0.000011
2026-04-25 17:10:12 | Epoch 00262 | train: 0.000009
2026-04-25 17:10:12 | Epoch 00263 | train: 0.000008
2026-04-25 17:10:12 | Epoch 00264 | train: 0.000015
2026-04-25 17:10:12 | Epoch 00265 | train: 0.000014
2026-04-25 17:10:12 | Epoch 00266 | train: 0.000013
2026-04-25 17:10:12 | Epoch 00267 | train: 0.000009
2026-04-25 17:10:12 | Epoch 00268 | train: 0.000008
2026-04-25 17:10:12 | Epoch 00269 | train: 0.000010
2026-04-25 17:10:12 | Epoch 00270 | train: 0.000010
2026-04-25 17:10:12 | Epoch 00271 | train: 0.000008
2026-04-25 17:10:12 | Epoch 00272 | train: 0.000006
2026-04-25 17:10:12 | Epoch 00273 | train: 0.000006
2026-04-25 17:10:12 | Epoch 00274 | train: 0.000007
2026-04-25 17:10:12 | Epoch 00275 | train: 0.000007
2026-04-25 17:10:12 | Epoch 00276 | train: 0.000007
2026-04-25 17:10:12 | Epoch 00277 | train: 0.000008
2026-04-25 17:10:12 | Epoch 00278 | train: 0.000008
2026-04-25 17:10:12 | Epoch 00279 | train: 0.000009
2026-04-25 17:10:13 | Epoch 00280 | train: 0.000011
2026-04-25 17:10:13 | Epoch 00281 | train: 0.000011
2026-04-25 17:10:13 | Epoch 00282 | train: 0.000007
2026-04-25 17:10:13 | Epoch 00283 | train: 0.000006
2026-04-25 17:10:13 | Epoch 00284 | train: 0.000007
2026-04-25 17:10:13 | Epoch 00285 | train: 0.000010
2026-04-25 17:10:13 | Epoch 00286 | train: 0.000007
2026-04-25 17:10:13 | Epoch 00287 | train: 0.000007
2026-04-25 17:10:13 | Epoch 00288 | train: 0.000007
2026-04-25 17:10:13 | Epoch 00289 | train: 0.000008
2026-04-25 17:10:13 | Epoch 00290 | train: 0.000008
2026-04-25 17:10:13 | Epoch 00291 | train: 0.000017
2026-04-25 17:10:13 | Epoch 00292 | train: 0.000017
2026-04-25 17:10:13 | Epoch 00293 | train: 0.000019
2026-04-25 17:10:13 | Epoch 00294 | train: 0.000021
2026-04-25 17:10:13 | Epoch 00295 | train: 0.000019
2026-04-25 17:10:13 | Epoch 00296 | train: 0.000016
2026-04-25 17:10:13 | Epoch 00297 | train: 0.000010
2026-04-25 17:10:13 | Epoch 00298 | train: 0.000008
2026-04-25 17:10:13 | Epoch 00299 | train: 0.000007
2026-04-25 17:10:13 | Epoch 00300 | train: 0.000008
2026-04-25 17:10:13 | Epoch 00301 | train: 0.000008
2026-04-25 17:10:13 | Epoch 00302 | train: 0.000010
2026-04-25 17:10:13 | Epoch 00303 | train: 0.000008
2026-04-25 17:10:13 | Epoch 00304 | train: 0.000011
2026-04-25 17:10:13 | Epoch 00305 | train: 0.000011
2026-04-25 17:10:13 | Epoch 00306 | train: 0.000011
2026-04-25 17:10:13 | Epoch 00307 | train: 0.000009
2026-04-25 17:10:13 | Epoch 00308 | train: 0.000008
2026-04-25 17:10:13 | Epoch 00309 | train: 0.000011
2026-04-25 17:10:14 | Epoch 00310 | train: 0.000010
2026-04-25 17:10:14 | Epoch 00311 | train: 0.000007
2026-04-25 17:10:14 | Epoch 00312 | train: 0.000007
2026-04-25 17:10:14 | Epoch 00313 | train: 0.000008
2026-04-25 17:10:14 | Epoch 00314 | train: 0.000009
2026-04-25 17:10:14 | Epoch 00315 | train: 0.000013
2026-04-25 17:10:14 | Epoch 00316 | train: 0.000012
2026-04-25 17:10:14 | Epoch 00317 | train: 0.000008
2026-04-25 17:10:14 | Epoch 00318 | train: 0.000008
2026-04-25 17:10:14 | Epoch 00319 | train: 0.000009
2026-04-25 17:10:14 | Epoch 00320 | train: 0.000007
2026-04-25 17:10:14 | Epoch 00321 | train: 0.000007
2026-04-25 17:10:14 | Epoch 00322 | train: 0.000007
2026-04-25 17:10:14 | Epoch 00323 | train: 0.000006
2026-04-25 17:10:14 | Epoch 00324 | train: 0.000010
2026-04-25 17:10:14 | Epoch 00325 | train: 0.000009
2026-04-25 17:10:14 | Epoch 00326 | train: 0.000006
2026-04-25 17:10:14 | Epoch 00327 | train: 0.000008
2026-04-25 17:10:14 | Epoch 00328 | train: 0.000007
2026-04-25 17:10:14 | Epoch 00329 | train: 0.000006
2026-04-25 17:10:14 | Epoch 00330 | train: 0.000006
2026-04-25 17:10:14 | Epoch 00331 | train: 0.000006
2026-04-25 17:10:14 | Epoch 00332 | train: 0.000006
2026-04-25 17:10:14 | Epoch 00333 | train: 0.000006
2026-04-25 17:10:14 | Epoch 00334 | train: 0.000007
2026-04-25 17:10:14 | Epoch 00335 | train: 0.000007
2026-04-25 17:10:14 | Epoch 00336 | train: 0.000009
2026-04-25 17:10:14 | Epoch 00337 | train: 0.000008
2026-04-25 17:10:14 | Epoch 00338 | train: 0.000011
2026-04-25 17:10:15 | Epoch 00339 | train: 0.000006
2026-04-25 17:10:15 | Epoch 00340 | train: 0.000006
2026-04-25 17:10:15 | Epoch 00341 | train: 0.000006
2026-04-25 17:10:15 | Epoch 00342 | train: 0.000008
2026-04-25 17:10:15 | Epoch 00343 | train: 0.000007
2026-04-25 17:10:15 | Epoch 00344 | train: 0.000009
2026-04-25 17:10:15 | Epoch 00345 | train: 0.000007
2026-04-25 17:10:15 | Epoch 00346 | train: 0.000007
2026-04-25 17:10:15 | Epoch 00347 | train: 0.000007
2026-04-25 17:10:15 | Epoch 00348 | train: 0.000008
2026-04-25 17:10:15 | Epoch 00349 | train: 0.000009
2026-04-25 17:10:15 | Epoch 00350 | train: 0.000006
2026-04-25 17:10:15 | Epoch 00351 | train: 0.000008
2026-04-25 17:10:15 | Epoch 00352 | train: 0.000007
2026-04-25 17:10:15 | Epoch 00353 | train: 0.000008
2026-04-25 17:10:15 | Epoch 00354 | train: 0.000008
2026-04-25 17:10:15 | Epoch 00355 | train: 0.000006
2026-04-25 17:10:15 | Epoch 00356 | train: 0.000008
2026-04-25 17:10:15 | Epoch 00357 | train: 0.000007
2026-04-25 17:10:15 | Epoch 00358 | train: 0.000006
2026-04-25 17:10:15 | Epoch 00359 | train: 0.000008
2026-04-25 17:10:15 | Epoch 00360 | train: 0.000006
2026-04-25 17:10:15 | Epoch 00361 | train: 0.000008
2026-04-25 17:10:15 | Epoch 00362 | train: 0.000008
2026-04-25 17:10:15 | Epoch 00363 | train: 0.000009
2026-04-25 17:10:15 | Epoch 00364 | train: 0.000007
2026-04-25 17:10:15 | Epoch 00365 | train: 0.000007
2026-04-25 17:10:15 | Epoch 00366 | train: 0.000006
2026-04-25 17:10:15 | Epoch 00367 | train: 0.000006
2026-04-25 17:10:15 | Epoch 00368 | train: 0.000007
2026-04-25 17:10:16 | Epoch 00369 | train: 0.000007
2026-04-25 17:10:16 | Epoch 00370 | train: 0.000008
2026-04-25 17:10:16 | Epoch 00371 | train: 0.000007
2026-04-25 17:10:16 | Epoch 00372 | train: 0.000006
2026-04-25 17:10:16 | Epoch 00373 | train: 0.000007
2026-04-25 17:10:16 | Epoch 00374 | train: 0.000006
2026-04-25 17:10:16 | Epoch 00375 | train: 0.000006
2026-04-25 17:10:16 | Epoch 00376 | train: 0.000006
2026-04-25 17:10:16 | Epoch 00377 | train: 0.000007
2026-04-25 17:10:16 | Epoch 00378 | train: 0.000006
2026-04-25 17:10:16 | Epoch 00379 | train: 0.000008
2026-04-25 17:10:16 | Epoch 00380 | train: 0.000006
2026-04-25 17:10:16 | Epoch 00381 | train: 0.000006
2026-04-25 17:10:16 | Epoch 00382 | train: 0.000007
2026-04-25 17:10:16 | Epoch 00383 | train: 0.000008
2026-04-25 17:10:16 | Epoch 00384 | train: 0.000010
2026-04-25 17:10:16 | Epoch 00385 | train: 0.000007
2026-04-25 17:10:16 | Epoch 00386 | train: 0.000007
2026-04-25 17:10:16 | Epoch 00387 | train: 0.000006
2026-04-25 17:10:16 | Epoch 00388 | train: 0.000006
2026-04-25 17:10:16 | Epoch 00389 | train: 0.000006
2026-04-25 17:10:16 | Epoch 00390 | train: 0.000005
2026-04-25 17:10:16 | Epoch 00391 | train: 0.000006
2026-04-25 17:10:16 | Epoch 00392 | train: 0.000008
2026-04-25 17:10:16 | Epoch 00393 | train: 0.000009
2026-04-25 17:10:16 | Epoch 00394 | train: 0.000007
2026-04-25 17:10:16 | Epoch 00395 | train: 0.000006
2026-04-25 17:10:16 | Epoch 00396 | train: 0.000008
2026-04-25 17:10:16 | Epoch 00397 | train: 0.000006
2026-04-25 17:10:17 | Epoch 00398 | train: 0.000006
2026-04-25 17:10:17 | Epoch 00399 | train: 0.000006
2026-04-25 17:10:17 | Epoch 00400 | train: 0.000007
2026-04-25 17:10:17 | Epoch 00400 | test : 0.000005  [lr=1.34e-04]
2026-04-25 17:10:17 | Epoch 00400 | best model saved  (test_loss=0.000005)
2026-04-25 17:10:17 | Epoch 00401 | train: 0.000006
2026-04-25 17:10:17 | Epoch 00402 | train: 0.000006
2026-04-25 17:10:17 | Epoch 00403 | train: 0.000009
2026-04-25 17:10:17 | Epoch 00404 | train: 0.000009
2026-04-25 17:10:17 | Epoch 00405 | train: 0.000006
2026-04-25 17:10:17 | Epoch 00406 | train: 0.000007
2026-04-25 17:10:17 | Epoch 00407 | train: 0.000009
2026-04-25 17:10:17 | Epoch 00408 | train: 0.000008
2026-04-25 17:10:17 | Epoch 00409 | train: 0.000006
2026-04-25 17:10:17 | Epoch 00410 | train: 0.000006
2026-04-25 17:10:17 | Epoch 00411 | train: 0.000006
2026-04-25 17:10:17 | Epoch 00412 | train: 0.000006
2026-04-25 17:10:17 | Epoch 00413 | train: 0.000005
2026-04-25 17:10:17 | Epoch 00414 | train: 0.000005
2026-04-25 17:10:17 | Epoch 00415 | train: 0.000006
2026-04-25 17:10:17 | Epoch 00416 | train: 0.000006
2026-04-25 17:10:17 | Epoch 00417 | train: 0.000007
2026-04-25 17:10:17 | Epoch 00418 | train: 0.000006
2026-04-25 17:10:17 | Epoch 00419 | train: 0.000006
2026-04-25 17:10:17 | Epoch 00420 | train: 0.000009
2026-04-25 17:10:17 | Epoch 00421 | train: 0.000007
2026-04-25 17:10:17 | Epoch 00422 | train: 0.000007
2026-04-25 17:10:17 | Epoch 00423 | train: 0.000006
2026-04-25 17:10:17 | Epoch 00424 | train: 0.000007
2026-04-25 17:10:17 | Epoch 00425 | train: 0.000006
2026-04-25 17:10:17 | Epoch 00426 | train: 0.000006
2026-04-25 17:10:18 | Epoch 00427 | train: 0.000006
2026-04-25 17:10:18 | Epoch 00428 | train: 0.000006
2026-04-25 17:10:18 | Epoch 00429 | train: 0.000006
2026-04-25 17:10:18 | Epoch 00430 | train: 0.000005
2026-04-25 17:10:18 | Epoch 00431 | train: 0.000007
2026-04-25 17:10:18 | Epoch 00432 | train: 0.000006
2026-04-25 17:10:18 | Epoch 00433 | train: 0.000006
2026-04-25 17:10:18 | Epoch 00434 | train: 0.000006
2026-04-25 17:10:18 | Epoch 00435 | train: 0.000006
2026-04-25 17:10:18 | Epoch 00436 | train: 0.000007
2026-04-25 17:10:18 | Epoch 00437 | train: 0.000007
2026-04-25 17:10:18 | Epoch 00438 | train: 0.000006
2026-04-25 17:10:18 | Epoch 00439 | train: 0.000006
2026-04-25 17:10:18 | Epoch 00440 | train: 0.000006
2026-04-25 17:10:18 | Epoch 00441 | train: 0.000006
2026-04-25 17:10:18 | Epoch 00442 | train: 0.000006
2026-04-25 17:10:18 | Epoch 00443 | train: 0.000006
2026-04-25 17:10:18 | Epoch 00444 | train: 0.000008
2026-04-25 17:10:18 | Epoch 00445 | train: 0.000007
2026-04-25 17:10:18 | Epoch 00446 | train: 0.000008
2026-04-25 17:10:18 | Epoch 00447 | train: 0.000007
2026-04-25 17:10:18 | Epoch 00448 | train: 0.000008
2026-04-25 17:10:18 | Epoch 00449 | train: 0.000009
2026-04-25 17:10:18 | Epoch 00450 | train: 0.000008
2026-04-25 17:10:18 | Epoch 00451 | train: 0.000006
2026-04-25 17:10:18 | Epoch 00452 | train: 0.000007
2026-04-25 17:10:18 | Epoch 00453 | train: 0.000006
2026-04-25 17:10:18 | Epoch 00454 | train: 0.000007
2026-04-25 17:10:18 | Epoch 00455 | train: 0.000006
2026-04-25 17:10:19 | Epoch 00456 | train: 0.000007
2026-04-25 17:10:19 | Epoch 00457 | train: 0.000007
2026-04-25 17:10:19 | Epoch 00458 | train: 0.000006
2026-04-25 17:10:19 | Epoch 00459 | train: 0.000006
2026-04-25 17:10:19 | Epoch 00460 | train: 0.000007
2026-04-25 17:10:19 | Epoch 00461 | train: 0.000007
2026-04-25 17:10:19 | Epoch 00462 | train: 0.000006
2026-04-25 17:10:19 | Epoch 00463 | train: 0.000006
2026-04-25 17:10:19 | Epoch 00464 | train: 0.000005
2026-04-25 17:10:19 | Epoch 00465 | train: 0.000006
2026-04-25 17:10:19 | Epoch 00466 | train: 0.000006
2026-04-25 17:10:19 | Epoch 00467 | train: 0.000005
2026-04-25 17:10:19 | Epoch 00468 | train: 0.000006
2026-04-25 17:10:19 | Epoch 00469 | train: 0.000006
2026-04-25 17:10:19 | Epoch 00470 | train: 0.000006
2026-04-25 17:10:19 | Epoch 00471 | train: 0.000006
2026-04-25 17:10:19 | Epoch 00472 | train: 0.000007
2026-04-25 17:10:19 | Epoch 00473 | train: 0.000006
2026-04-25 17:10:19 | Epoch 00474 | train: 0.000006
2026-04-25 17:10:19 | Epoch 00475 | train: 0.000006
2026-04-25 17:10:19 | Epoch 00476 | train: 0.000006
2026-04-25 17:10:19 | Epoch 00477 | train: 0.000006
2026-04-25 17:10:19 | Epoch 00478 | train: 0.000006
2026-04-25 17:10:19 | Epoch 00479 | train: 0.000006
2026-04-25 17:10:19 | Epoch 00480 | train: 0.000006
2026-04-25 17:10:19 | Epoch 00481 | train: 0.000006
2026-04-25 17:10:19 | Epoch 00482 | train: 0.000005
2026-04-25 17:10:19 | Epoch 00483 | train: 0.000006
2026-04-25 17:10:19 | Epoch 00484 | train: 0.000005
2026-04-25 17:10:19 | Epoch 00485 | train: 0.000006
2026-04-25 17:10:20 | Epoch 00486 | train: 0.000005
2026-04-25 17:10:20 | Epoch 00487 | train: 0.000005
2026-04-25 17:10:20 | Epoch 00488 | train: 0.000005
2026-04-25 17:10:20 | Epoch 00489 | train: 0.000005
2026-04-25 17:10:20 | Epoch 00490 | train: 0.000006
2026-04-25 17:10:20 | Epoch 00491 | train: 0.000006
2026-04-25 17:10:20 | Epoch 00492 | train: 0.000006
2026-04-25 17:10:20 | Epoch 00493 | train: 0.000007
2026-04-25 17:10:20 | Epoch 00494 | train: 0.000008
2026-04-25 17:10:20 | Epoch 00495 | train: 0.000006
2026-04-25 17:10:20 | Epoch 00496 | train: 0.000006
2026-04-25 17:10:20 | Epoch 00497 | train: 0.000006
2026-04-25 17:10:20 | Epoch 00498 | train: 0.000006
2026-04-25 17:10:20 | Epoch 00499 | train: 0.000007
2026-04-25 17:10:20 | Epoch 00500 | train: 0.000006
2026-04-25 17:10:20 | Epoch 00501 | train: 0.000006
2026-04-25 17:10:20 | Epoch 00502 | train: 0.000006
2026-04-25 17:10:20 | Epoch 00503 | train: 0.000006
2026-04-25 17:10:20 | Epoch 00504 | train: 0.000006
2026-04-25 17:10:20 | Epoch 00505 | train: 0.000007
2026-04-25 17:10:20 | Epoch 00506 | train: 0.000005
2026-04-25 17:10:20 | Epoch 00507 | train: 0.000006
2026-04-25 17:10:20 | Epoch 00508 | train: 0.000006
2026-04-25 17:10:20 | Epoch 00509 | train: 0.000005
2026-04-25 17:10:20 | Epoch 00510 | train: 0.000005
2026-04-25 17:10:20 | Epoch 00511 | train: 0.000005
2026-04-25 17:10:20 | Epoch 00512 | train: 0.000005
2026-04-25 17:10:20 | Epoch 00513 | train: 0.000007
2026-04-25 17:10:20 | Epoch 00514 | train: 0.000006
2026-04-25 17:10:21 | Epoch 00515 | train: 0.000006
2026-04-25 17:10:21 | Epoch 00516 | train: 0.000006
2026-04-25 17:10:21 | Epoch 00517 | train: 0.000006
2026-04-25 17:10:21 | Epoch 00518 | train: 0.000007
2026-04-25 17:10:21 | Epoch 00519 | train: 0.000006
2026-04-25 17:10:21 | Epoch 00520 | train: 0.000005
2026-04-25 17:10:21 | Epoch 00521 | train: 0.000005
2026-04-25 17:10:21 | Epoch 00522 | train: 0.000005
2026-04-25 17:10:21 | Epoch 00523 | train: 0.000005
2026-04-25 17:10:21 | Epoch 00524 | train: 0.000005
2026-04-25 17:10:21 | Epoch 00525 | train: 0.000005
2026-04-25 17:10:21 | Epoch 00526 | train: 0.000005
2026-04-25 17:10:21 | Epoch 00527 | train: 0.000006
2026-04-25 17:10:21 | Epoch 00528 | train: 0.000006
2026-04-25 17:10:21 | Epoch 00529 | train: 0.000007
2026-04-25 17:10:21 | Epoch 00530 | train: 0.000007
2026-04-25 17:10:21 | Epoch 00531 | train: 0.000005
2026-04-25 17:10:21 | Epoch 00532 | train: 0.000006
2026-04-25 17:10:21 | Epoch 00533 | train: 0.000006
2026-04-25 17:10:21 | Epoch 00534 | train: 0.000006
2026-04-25 17:10:21 | Epoch 00535 | train: 0.000005
2026-04-25 17:10:21 | Epoch 00536 | train: 0.000005
2026-04-25 17:10:21 | Epoch 00537 | train: 0.000007
2026-04-25 17:10:21 | Epoch 00538 | train: 0.000005
2026-04-25 17:10:21 | Epoch 00539 | train: 0.000005
2026-04-25 17:10:21 | Epoch 00540 | train: 0.000005
2026-04-25 17:10:21 | Epoch 00541 | train: 0.000005
2026-04-25 17:10:21 | Epoch 00542 | train: 0.000005
2026-04-25 17:10:21 | Epoch 00543 | train: 0.000005
2026-04-25 17:10:21 | Epoch 00544 | train: 0.000006
2026-04-25 17:10:22 | Epoch 00545 | train: 0.000007
2026-04-25 17:10:22 | Epoch 00546 | train: 0.000007
2026-04-25 17:10:22 | Epoch 00547 | train: 0.000006
2026-04-25 17:10:22 | Epoch 00548 | train: 0.000005
2026-04-25 17:10:22 | Epoch 00549 | train: 0.000005
2026-04-25 17:10:22 | Epoch 00550 | train: 0.000005
2026-04-25 17:10:22 | Epoch 00551 | train: 0.000005
2026-04-25 17:10:22 | Epoch 00552 | train: 0.000005
2026-04-25 17:10:22 | Epoch 00553 | train: 0.000005
2026-04-25 17:10:22 | Epoch 00554 | train: 0.000005
2026-04-25 17:10:22 | Epoch 00555 | train: 0.000005
2026-04-25 17:10:22 | Epoch 00556 | train: 0.000006
2026-04-25 17:10:22 | Epoch 00557 | train: 0.000006
2026-04-25 17:10:22 | Epoch 00558 | train: 0.000005
2026-04-25 17:10:22 | Epoch 00559 | train: 0.000005
2026-04-25 17:10:22 | Epoch 00560 | train: 0.000006
2026-04-25 17:10:22 | Epoch 00561 | train: 0.000006
2026-04-25 17:10:22 | Epoch 00562 | train: 0.000006
2026-04-25 17:10:22 | Epoch 00563 | train: 0.000007
2026-04-25 17:10:22 | Epoch 00564 | train: 0.000007
2026-04-25 17:10:22 | Epoch 00565 | train: 0.000007
2026-04-25 17:10:22 | Epoch 00566 | train: 0.000006
2026-04-25 17:10:22 | Epoch 00567 | train: 0.000005
2026-04-25 17:10:22 | Epoch 00568 | train: 0.000005
2026-04-25 17:10:22 | Epoch 00569 | train: 0.000005
2026-04-25 17:10:22 | Epoch 00570 | train: 0.000005
2026-04-25 17:10:22 | Epoch 00571 | train: 0.000005
2026-04-25 17:10:22 | Epoch 00572 | train: 0.000005
2026-04-25 17:10:22 | Epoch 00573 | train: 0.000005
2026-04-25 17:10:22 | Epoch 00574 | train: 0.000005
2026-04-25 17:10:23 | Epoch 00575 | train: 0.000005
2026-04-25 17:10:23 | Epoch 00576 | train: 0.000005
2026-04-25 17:10:23 | Epoch 00577 | train: 0.000005
2026-04-25 17:10:23 | Epoch 00578 | train: 0.000005
2026-04-25 17:10:23 | Epoch 00579 | train: 0.000006
2026-04-25 17:10:23 | Epoch 00580 | train: 0.000006
2026-04-25 17:10:23 | Epoch 00581 | train: 0.000005
2026-04-25 17:10:23 | Epoch 00582 | train: 0.000005
2026-04-25 17:10:23 | Epoch 00583 | train: 0.000006
2026-04-25 17:10:23 | Epoch 00584 | train: 0.000006
2026-04-25 17:10:23 | Epoch 00585 | train: 0.000005
2026-04-25 17:10:23 | Epoch 00586 | train: 0.000005
2026-04-25 17:10:23 | Epoch 00587 | train: 0.000005
2026-04-25 17:10:23 | Epoch 00588 | train: 0.000005
2026-04-25 17:10:23 | Epoch 00589 | train: 0.000005
2026-04-25 17:10:23 | Epoch 00590 | train: 0.000005
2026-04-25 17:10:23 | Epoch 00591 | train: 0.000006
2026-04-25 17:10:23 | Epoch 00592 | train: 0.000005
2026-04-25 17:10:23 | Epoch 00593 | train: 0.000005
2026-04-25 17:10:23 | Epoch 00594 | train: 0.000005
2026-04-25 17:10:23 | Epoch 00595 | train: 0.000006
2026-04-25 17:10:23 | Epoch 00596 | train: 0.000005
2026-04-25 17:10:23 | Epoch 00597 | train: 0.000006
2026-04-25 17:10:23 | Epoch 00598 | train: 0.000005
2026-04-25 17:10:23 | Epoch 00599 | train: 0.000005
2026-04-25 17:10:23 | Epoch 00600 | train: 0.000005
2026-04-25 17:10:23 | Epoch 00600 | test : 0.000004  [lr=4.92e-05]
2026-04-25 17:10:23 | Epoch 00600 | best model saved  (test_loss=0.000004)
2026-04-25 17:10:23 | Epoch 00601 | train: 0.000005
2026-04-25 17:10:23 | Epoch 00602 | train: 0.000005
2026-04-25 17:10:24 | Epoch 00603 | train: 0.000005
2026-04-25 17:10:24 | Epoch 00604 | train: 0.000005
2026-04-25 17:10:24 | Epoch 00605 | train: 0.000006
2026-04-25 17:10:24 | Epoch 00606 | train: 0.000006
2026-04-25 17:10:24 | Epoch 00607 | train: 0.000005
2026-04-25 17:10:24 | Epoch 00608 | train: 0.000005
2026-04-25 17:10:24 | Epoch 00609 | train: 0.000005
2026-04-25 17:10:24 | Epoch 00610 | train: 0.000005
2026-04-25 17:10:24 | Epoch 00611 | train: 0.000005
2026-04-25 17:10:24 | Epoch 00612 | train: 0.000005
2026-04-25 17:10:24 | Epoch 00613 | train: 0.000005
2026-04-25 17:10:24 | Epoch 00614 | train: 0.000005
2026-04-25 17:10:24 | Epoch 00615 | train: 0.000005
2026-04-25 17:10:24 | Epoch 00616 | train: 0.000005
2026-04-25 17:10:24 | Epoch 00617 | train: 0.000005
2026-04-25 17:10:24 | Epoch 00618 | train: 0.000005
2026-04-25 17:10:24 | Epoch 00619 | train: 0.000005
2026-04-25 17:10:24 | Epoch 00620 | train: 0.000005
2026-04-25 17:10:24 | Epoch 00621 | train: 0.000005
2026-04-25 17:10:24 | Epoch 00622 | train: 0.000006
2026-04-25 17:10:24 | Epoch 00623 | train: 0.000006
2026-04-25 17:10:24 | Epoch 00624 | train: 0.000006
2026-04-25 17:10:24 | Epoch 00625 | train: 0.000007
2026-04-25 17:10:24 | Epoch 00626 | train: 0.000006
2026-04-25 17:10:24 | Epoch 00627 | train: 0.000005
2026-04-25 17:10:24 | Epoch 00628 | train: 0.000005
2026-04-25 17:10:24 | Epoch 00629 | train: 0.000006
2026-04-25 17:10:24 | Epoch 00630 | train: 0.000006
2026-04-25 17:10:24 | Epoch 00631 | train: 0.000005
2026-04-25 17:10:24 | Epoch 00632 | train: 0.000005
2026-04-25 17:10:25 | Epoch 00633 | train: 0.000005
2026-04-25 17:10:25 | Epoch 00634 | train: 0.000005
2026-04-25 17:10:25 | Epoch 00635 | train: 0.000005
2026-04-25 17:10:25 | Epoch 00636 | train: 0.000005
2026-04-25 17:10:25 | Epoch 00637 | train: 0.000005
2026-04-25 17:10:25 | Epoch 00638 | train: 0.000005
2026-04-25 17:10:25 | Epoch 00639 | train: 0.000005
2026-04-25 17:10:25 | Epoch 00640 | train: 0.000005
2026-04-25 17:10:25 | Epoch 00641 | train: 0.000005
2026-04-25 17:10:25 | Epoch 00642 | train: 0.000005
2026-04-25 17:10:25 | Epoch 00643 | train: 0.000006
2026-04-25 17:10:25 | Epoch 00644 | train: 0.000005
2026-04-25 17:10:25 | Epoch 00645 | train: 0.000005
2026-04-25 17:10:25 | Epoch 00646 | train: 0.000005
2026-04-25 17:10:25 | Epoch 00647 | train: 0.000005
2026-04-25 17:10:25 | Epoch 00648 | train: 0.000005
2026-04-25 17:10:25 | Epoch 00649 | train: 0.000005
2026-04-25 17:10:25 | Epoch 00650 | train: 0.000006
2026-04-25 17:10:25 | Epoch 00651 | train: 0.000005
2026-04-25 17:10:25 | Epoch 00652 | train: 0.000005
2026-04-25 17:10:25 | Epoch 00653 | train: 0.000006
2026-04-25 17:10:25 | Epoch 00654 | train: 0.000005
2026-04-25 17:10:25 | Epoch 00655 | train: 0.000005
2026-04-25 17:10:25 | Epoch 00656 | train: 0.000005
2026-04-25 17:10:25 | Epoch 00657 | train: 0.000005
2026-04-25 17:10:25 | Epoch 00658 | train: 0.000005
2026-04-25 17:10:25 | Epoch 00659 | train: 0.000005
2026-04-25 17:10:25 | Epoch 00660 | train: 0.000005
2026-04-25 17:10:25 | Epoch 00661 | train: 0.000005
2026-04-25 17:10:25 | Epoch 00662 | train: 0.000005
2026-04-25 17:10:26 | Epoch 00663 | train: 0.000005
2026-04-25 17:10:26 | Epoch 00664 | train: 0.000005
2026-04-25 17:10:26 | Epoch 00665 | train: 0.000005
2026-04-25 17:10:26 | Epoch 00666 | train: 0.000005
2026-04-25 17:10:26 | Epoch 00667 | train: 0.000006
2026-04-25 17:10:26 | Epoch 00668 | train: 0.000005
2026-04-25 17:10:26 | Epoch 00669 | train: 0.000006
2026-04-25 17:10:26 | Epoch 00670 | train: 0.000005
2026-04-25 17:10:26 | Epoch 00671 | train: 0.000006
2026-04-25 17:10:26 | Epoch 00672 | train: 0.000005
2026-04-25 17:10:26 | Epoch 00673 | train: 0.000005
2026-04-25 17:10:26 | Epoch 00674 | train: 0.000005
2026-04-25 17:10:26 | Epoch 00675 | train: 0.000005
2026-04-25 17:10:26 | Epoch 00676 | train: 0.000005
2026-04-25 17:10:26 | Epoch 00677 | train: 0.000007
2026-04-25 17:10:26 | Epoch 00678 | train: 0.000005
2026-04-25 17:10:26 | Epoch 00679 | train: 0.000005
2026-04-25 17:10:26 | Epoch 00680 | train: 0.000005
2026-04-25 17:10:26 | Epoch 00681 | train: 0.000005
2026-04-25 17:10:26 | Epoch 00682 | train: 0.000005
2026-04-25 17:10:26 | Epoch 00683 | train: 0.000005
2026-04-25 17:10:26 | Epoch 00684 | train: 0.000005
2026-04-25 17:10:26 | Epoch 00685 | train: 0.000005
2026-04-25 17:10:26 | Epoch 00686 | train: 0.000005
2026-04-25 17:10:26 | Epoch 00687 | train: 0.000005
2026-04-25 17:10:26 | Epoch 00688 | train: 0.000006
2026-04-25 17:10:26 | Epoch 00689 | train: 0.000005
2026-04-25 17:10:26 | Epoch 00690 | train: 0.000005
2026-04-25 17:10:26 | Epoch 00691 | train: 0.000005
2026-04-25 17:10:27 | Epoch 00692 | train: 0.000005
2026-04-25 17:10:27 | Epoch 00693 | train: 0.000005
2026-04-25 17:10:27 | Epoch 00694 | train: 0.000005
2026-04-25 17:10:27 | Epoch 00695 | train: 0.000005
2026-04-25 17:10:27 | Epoch 00696 | train: 0.000005
2026-04-25 17:10:27 | Epoch 00697 | train: 0.000005
2026-04-25 17:10:27 | Epoch 00698 | train: 0.000005
2026-04-25 17:10:27 | Epoch 00699 | train: 0.000006
2026-04-25 17:10:27 | Epoch 00700 | train: 0.000006
2026-04-25 17:10:27 | Epoch 00701 | train: 0.000005
2026-04-25 17:10:27 | Epoch 00702 | train: 0.000005
2026-04-25 17:10:27 | Epoch 00703 | train: 0.000006
2026-04-25 17:10:27 | Epoch 00704 | train: 0.000005
2026-04-25 17:10:27 | Epoch 00705 | train: 0.000006
2026-04-25 17:10:27 | Epoch 00706 | train: 0.000005
2026-04-25 17:10:27 | Epoch 00707 | train: 0.000005
2026-04-25 17:10:27 | Epoch 00708 | train: 0.000005
2026-04-25 17:10:27 | Epoch 00709 | train: 0.000004
2026-04-25 17:10:27 | Epoch 00710 | train: 0.000005
2026-04-25 17:10:27 | Epoch 00711 | train: 0.000005
2026-04-25 17:10:27 | Epoch 00712 | train: 0.000004
2026-04-25 17:10:27 | Epoch 00713 | train: 0.000005
2026-04-25 17:10:27 | Epoch 00714 | train: 0.000006
2026-04-25 17:10:27 | Epoch 00715 | train: 0.000005
2026-04-25 17:10:27 | Epoch 00716 | train: 0.000005
2026-04-25 17:10:27 | Epoch 00717 | train: 0.000005
2026-04-25 17:10:27 | Epoch 00718 | train: 0.000005
2026-04-25 17:10:27 | Epoch 00719 | train: 0.000006
2026-04-25 17:10:27 | Epoch 00720 | train: 0.000005
2026-04-25 17:10:27 | Epoch 00721 | train: 0.000005
2026-04-25 17:10:28 | Epoch 00722 | train: 0.000005
2026-04-25 17:10:28 | Epoch 00723 | train: 0.000006
2026-04-25 17:10:28 | Epoch 00724 | train: 0.000005
2026-04-25 17:10:28 | Epoch 00725 | train: 0.000005
2026-04-25 17:10:28 | Epoch 00726 | train: 0.000005
2026-04-25 17:10:28 | Epoch 00727 | train: 0.000005
2026-04-25 17:10:28 | Epoch 00728 | train: 0.000005
2026-04-25 17:10:28 | Epoch 00729 | train: 0.000005
2026-04-25 17:10:28 | Epoch 00730 | train: 0.000005
2026-04-25 17:10:28 | Epoch 00731 | train: 0.000005
2026-04-25 17:10:28 | Epoch 00732 | train: 0.000005
2026-04-25 17:10:28 | Epoch 00733 | train: 0.000005
2026-04-25 17:10:28 | Epoch 00734 | train: 0.000005
2026-04-25 17:10:28 | Epoch 00735 | train: 0.000005
2026-04-25 17:10:28 | Epoch 00736 | train: 0.000005
2026-04-25 17:10:28 | Epoch 00737 | train: 0.000005
2026-04-25 17:10:28 | Epoch 00738 | train: 0.000005
2026-04-25 17:10:28 | Epoch 00739 | train: 0.000005
2026-04-25 17:10:28 | Epoch 00740 | train: 0.000005
2026-04-25 17:10:28 | Epoch 00741 | train: 0.000005
2026-04-25 17:10:28 | Epoch 00742 | train: 0.000006
2026-04-25 17:10:28 | Epoch 00743 | train: 0.000006
2026-04-25 17:10:28 | Epoch 00744 | train: 0.000005
2026-04-25 17:10:28 | Epoch 00745 | train: 0.000005
2026-04-25 17:10:28 | Epoch 00746 | train: 0.000005
2026-04-25 17:10:28 | Epoch 00747 | train: 0.000005
2026-04-25 17:10:28 | Epoch 00748 | train: 0.000005
2026-04-25 17:10:28 | Epoch 00749 | train: 0.000005
2026-04-25 17:10:28 | Epoch 00750 | train: 0.000005
2026-04-25 17:10:28 | Epoch 00751 | train: 0.000005
2026-04-25 17:10:29 | Epoch 00752 | train: 0.000005
2026-04-25 17:10:29 | Epoch 00753 | train: 0.000005
2026-04-25 17:10:29 | Epoch 00754 | train: 0.000005
2026-04-25 17:10:29 | Epoch 00755 | train: 0.000005
2026-04-25 17:10:29 | Epoch 00756 | train: 0.000005
2026-04-25 17:10:29 | Epoch 00757 | train: 0.000005
2026-04-25 17:10:29 | Epoch 00758 | train: 0.000005
2026-04-25 17:10:29 | Epoch 00759 | train: 0.000005
2026-04-25 17:10:29 | Epoch 00760 | train: 0.000006
2026-04-25 17:10:29 | Epoch 00761 | train: 0.000005
2026-04-25 17:10:29 | Epoch 00762 | train: 0.000005
2026-04-25 17:10:29 | Epoch 00763 | train: 0.000005
2026-04-25 17:10:29 | Epoch 00764 | train: 0.000005
2026-04-25 17:10:29 | Epoch 00765 | train: 0.000005
2026-04-25 17:10:29 | Epoch 00766 | train: 0.000005
2026-04-25 17:10:29 | Epoch 00767 | train: 0.000005
2026-04-25 17:10:29 | Epoch 00768 | train: 0.000005
2026-04-25 17:10:29 | Epoch 00769 | train: 0.000005
2026-04-25 17:10:29 | Epoch 00770 | train: 0.000005
2026-04-25 17:10:29 | Epoch 00771 | train: 0.000005
2026-04-25 17:10:29 | Epoch 00772 | train: 0.000005
2026-04-25 17:10:29 | Epoch 00773 | train: 0.000005
2026-04-25 17:10:29 | Epoch 00774 | train: 0.000004
2026-04-25 17:10:29 | Epoch 00775 | train: 0.000005
2026-04-25 17:10:29 | Epoch 00776 | train: 0.000005
2026-04-25 17:10:29 | Epoch 00777 | train: 0.000005
2026-04-25 17:10:29 | Epoch 00778 | train: 0.000005
2026-04-25 17:10:29 | Epoch 00779 | train: 0.000005
2026-04-25 17:10:29 | Epoch 00780 | train: 0.000005
2026-04-25 17:10:29 | Epoch 00781 | train: 0.000005
2026-04-25 17:10:30 | Epoch 00782 | train: 0.000005
2026-04-25 17:10:30 | Epoch 00783 | train: 0.000005
2026-04-25 17:10:30 | Epoch 00784 | train: 0.000005
2026-04-25 17:10:30 | Epoch 00785 | train: 0.000005
2026-04-25 17:10:30 | Epoch 00786 | train: 0.000005
2026-04-25 17:10:30 | Epoch 00787 | train: 0.000005
2026-04-25 17:10:30 | Epoch 00788 | train: 0.000005
2026-04-25 17:10:30 | Epoch 00789 | train: 0.000005
2026-04-25 17:10:30 | Epoch 00790 | train: 0.000005
2026-04-25 17:10:30 | Epoch 00791 | train: 0.000005
2026-04-25 17:10:30 | Epoch 00792 | train: 0.000005
2026-04-25 17:10:30 | Epoch 00793 | train: 0.000005
2026-04-25 17:10:30 | Epoch 00794 | train: 0.000005
2026-04-25 17:10:30 | Epoch 00795 | train: 0.000004
2026-04-25 17:10:30 | Epoch 00796 | train: 0.000005
2026-04-25 17:10:30 | Epoch 00797 | train: 0.000005
2026-04-25 17:10:30 | Epoch 00798 | train: 0.000005
2026-04-25 17:10:30 | Epoch 00799 | train: 0.000005
2026-04-25 17:10:30 | Epoch 00800 | train: 0.000005
2026-04-25 17:10:30 | Epoch 00800 | test : 0.000004  [lr=1.80e-05]
2026-04-25 17:10:30 | Epoch 00801 | train: 0.000005
2026-04-25 17:10:30 | Epoch 00802 | train: 0.000005
2026-04-25 17:10:30 | Epoch 00803 | train: 0.000005
2026-04-25 17:10:30 | Epoch 00804 | train: 0.000006
2026-04-25 17:10:30 | Epoch 00805 | train: 0.000005
2026-04-25 17:10:30 | Epoch 00806 | train: 0.000005
2026-04-25 17:10:30 | Epoch 00807 | train: 0.000005
2026-04-25 17:10:30 | Epoch 00808 | train: 0.000005
2026-04-25 17:10:30 | Epoch 00809 | train: 0.000005
2026-04-25 17:10:30 | Epoch 00810 | train: 0.000005
2026-04-25 17:10:31 | Epoch 00811 | train: 0.000005
2026-04-25 17:10:31 | Epoch 00812 | train: 0.000005
2026-04-25 17:10:31 | Epoch 00813 | train: 0.000005
2026-04-25 17:10:31 | Epoch 00814 | train: 0.000005
2026-04-25 17:10:31 | Epoch 00815 | train: 0.000005
2026-04-25 17:10:31 | Epoch 00816 | train: 0.000005
2026-04-25 17:10:31 | Epoch 00817 | train: 0.000004
2026-04-25 17:10:31 | Epoch 00818 | train: 0.000005
2026-04-25 17:10:31 | Epoch 00819 | train: 0.000005
2026-04-25 17:10:31 | Epoch 00820 | train: 0.000005
2026-04-25 17:10:31 | Epoch 00821 | train: 0.000005
2026-04-25 17:10:31 | Epoch 00822 | train: 0.000005
2026-04-25 17:10:31 | Epoch 00823 | train: 0.000005
2026-04-25 17:10:31 | Epoch 00824 | train: 0.000005
2026-04-25 17:10:31 | Epoch 00825 | train: 0.000005
2026-04-25 17:10:31 | Epoch 00826 | train: 0.000005
2026-04-25 17:10:31 | Epoch 00827 | train: 0.000005
2026-04-25 17:10:31 | Epoch 00828 | train: 0.000004
2026-04-25 17:10:31 | Epoch 00829 | train: 0.000005
2026-04-25 17:10:31 | Epoch 00830 | train: 0.000005
2026-04-25 17:10:31 | Epoch 00831 | train: 0.000005
2026-04-25 17:10:31 | Epoch 00832 | train: 0.000004
2026-04-25 17:10:31 | Epoch 00833 | train: 0.000005
2026-04-25 17:10:31 | Epoch 00834 | train: 0.000005
2026-04-25 17:10:31 | Epoch 00835 | train: 0.000005
2026-04-25 17:10:31 | Epoch 00836 | train: 0.000004
2026-04-25 17:10:31 | Epoch 00837 | train: 0.000005
2026-04-25 17:10:31 | Epoch 00838 | train: 0.000005
2026-04-25 17:10:31 | Epoch 00839 | train: 0.000005
2026-04-25 17:10:32 | Epoch 00840 | train: 0.000006
2026-04-25 17:10:32 | Epoch 00841 | train: 0.000006
2026-04-25 17:10:32 | Epoch 00842 | train: 0.000006
2026-04-25 17:10:32 | Epoch 00843 | train: 0.000005
2026-04-25 17:10:32 | Epoch 00844 | train: 0.000005
2026-04-25 17:10:32 | Epoch 00845 | train: 0.000005
2026-04-25 17:10:32 | Epoch 00846 | train: 0.000005
2026-04-25 17:10:32 | Epoch 00847 | train: 0.000005
2026-04-25 17:10:32 | Epoch 00848 | train: 0.000005
2026-04-25 17:10:32 | Epoch 00849 | train: 0.000005
2026-04-25 17:10:32 | Epoch 00850 | train: 0.000005
2026-04-25 17:10:32 | Epoch 00851 | train: 0.000005
2026-04-25 17:10:32 | Epoch 00852 | train: 0.000005
2026-04-25 17:10:32 | Epoch 00853 | train: 0.000005
2026-04-25 17:10:32 | Epoch 00854 | train: 0.000005
2026-04-25 17:10:32 | Epoch 00855 | train: 0.000005
2026-04-25 17:10:32 | Epoch 00856 | train: 0.000005
2026-04-25 17:10:32 | Epoch 00857 | train: 0.000005
2026-04-25 17:10:32 | Epoch 00858 | train: 0.000005
2026-04-25 17:10:32 | Epoch 00859 | train: 0.000005
2026-04-25 17:10:32 | Epoch 00860 | train: 0.000005
2026-04-25 17:10:32 | Epoch 00861 | train: 0.000005
2026-04-25 17:10:32 | Epoch 00862 | train: 0.000005
2026-04-25 17:10:32 | Epoch 00863 | train: 0.000005
2026-04-25 17:10:32 | Epoch 00864 | train: 0.000005
2026-04-25 17:10:32 | Epoch 00865 | train: 0.000004
2026-04-25 17:10:32 | Epoch 00866 | train: 0.000005
2026-04-25 17:10:32 | Epoch 00867 | train: 0.000005
2026-04-25 17:10:32 | Epoch 00868 | train: 0.000005
2026-04-25 17:10:32 | Epoch 00869 | train: 0.000005
2026-04-25 17:10:33 | Epoch 00870 | train: 0.000004
2026-04-25 17:10:33 | Epoch 00871 | train: 0.000004
2026-04-25 17:10:33 | Epoch 00872 | train: 0.000005
2026-04-25 17:10:33 | Epoch 00873 | train: 0.000005
2026-04-25 17:10:33 | Epoch 00874 | train: 0.000005
2026-04-25 17:10:33 | Epoch 00875 | train: 0.000005
2026-04-25 17:10:33 | Epoch 00876 | train: 0.000005
2026-04-25 17:10:33 | Epoch 00877 | train: 0.000005
2026-04-25 17:10:33 | Epoch 00878 | train: 0.000005
2026-04-25 17:10:33 | Epoch 00879 | train: 0.000005
2026-04-25 17:10:33 | Epoch 00880 | train: 0.000005
2026-04-25 17:10:33 | Epoch 00881 | train: 0.000005
2026-04-25 17:10:33 | Epoch 00882 | train: 0.000005
2026-04-25 17:10:33 | Epoch 00883 | train: 0.000005
2026-04-25 17:10:33 | Epoch 00884 | train: 0.000005
2026-04-25 17:10:33 | Epoch 00885 | train: 0.000005
2026-04-25 17:10:33 | Epoch 00886 | train: 0.000005
2026-04-25 17:10:33 | Epoch 00887 | train: 0.000005
2026-04-25 17:10:33 | Epoch 00888 | train: 0.000005
2026-04-25 17:10:33 | Epoch 00889 | train: 0.000005
2026-04-25 17:10:33 | Epoch 00890 | train: 0.000005
2026-04-25 17:10:33 | Epoch 00891 | train: 0.000005
2026-04-25 17:10:33 | Epoch 00892 | train: 0.000005
2026-04-25 17:10:33 | Epoch 00893 | train: 0.000005
2026-04-25 17:10:33 | Epoch 00894 | train: 0.000005
2026-04-25 17:10:33 | Epoch 00895 | train: 0.000004
2026-04-25 17:10:33 | Epoch 00896 | train: 0.000005
2026-04-25 17:10:33 | Epoch 00897 | train: 0.000004
2026-04-25 17:10:33 | Epoch 00898 | train: 0.000005
2026-04-25 17:10:33 | Epoch 00899 | train: 0.000005
2026-04-25 17:10:34 | Epoch 00900 | train: 0.000005
2026-04-25 17:10:34 | Epoch 00901 | train: 0.000004
2026-04-25 17:10:34 | Epoch 00902 | train: 0.000005
2026-04-25 17:10:34 | Epoch 00903 | train: 0.000005
2026-04-25 17:10:34 | Epoch 00904 | train: 0.000004
2026-04-25 17:10:34 | Epoch 00905 | train: 0.000005
2026-04-25 17:10:34 | Epoch 00906 | train: 0.000005
2026-04-25 17:10:34 | Epoch 00907 | train: 0.000005
2026-04-25 17:10:34 | Epoch 00908 | train: 0.000005
2026-04-25 17:10:34 | Epoch 00909 | train: 0.000005
2026-04-25 17:10:34 | Epoch 00910 | train: 0.000005
2026-04-25 17:10:34 | Epoch 00911 | train: 0.000005
2026-04-25 17:10:34 | Epoch 00912 | train: 0.000004
2026-04-25 17:10:34 | Epoch 00913 | train: 0.000004
2026-04-25 17:10:34 | Epoch 00914 | train: 0.000004
2026-04-25 17:10:34 | Epoch 00915 | train: 0.000005
2026-04-25 17:10:34 | Epoch 00916 | train: 0.000005
2026-04-25 17:10:34 | Epoch 00917 | train: 0.000005
2026-04-25 17:10:34 | Epoch 00918 | train: 0.000005
2026-04-25 17:10:34 | Epoch 00919 | train: 0.000005
2026-04-25 17:10:34 | Epoch 00920 | train: 0.000005
2026-04-25 17:10:34 | Epoch 00921 | train: 0.000005
2026-04-25 17:10:34 | Epoch 00922 | train: 0.000005
2026-04-25 17:10:34 | Epoch 00923 | train: 0.000005
2026-04-25 17:10:34 | Epoch 00924 | train: 0.000005
2026-04-25 17:10:34 | Epoch 00925 | train: 0.000005
2026-04-25 17:10:34 | Epoch 00926 | train: 0.000004
2026-04-25 17:10:34 | Epoch 00927 | train: 0.000004
2026-04-25 17:10:34 | Epoch 00928 | train: 0.000004
2026-04-25 17:10:34 | Epoch 00929 | train: 0.000004
2026-04-25 17:10:35 | Epoch 00930 | train: 0.000005
2026-04-25 17:10:35 | Epoch 00931 | train: 0.000005
2026-04-25 17:10:35 | Epoch 00932 | train: 0.000005
2026-04-25 17:10:35 | Epoch 00933 | train: 0.000004
2026-04-25 17:10:35 | Epoch 00934 | train: 0.000004
2026-04-25 17:10:35 | Epoch 00935 | train: 0.000005
2026-04-25 17:10:35 | Epoch 00936 | train: 0.000005
2026-04-25 17:10:35 | Epoch 00937 | train: 0.000005
2026-04-25 17:10:35 | Epoch 00938 | train: 0.000005
2026-04-25 17:10:35 | Epoch 00939 | train: 0.000005
2026-04-25 17:10:35 | Epoch 00940 | train: 0.000004
2026-04-25 17:10:35 | Epoch 00941 | train: 0.000004
2026-04-25 17:10:35 | Epoch 00942 | train: 0.000004
2026-04-25 17:10:35 | Epoch 00943 | train: 0.000004
2026-04-25 17:10:35 | Epoch 00944 | train: 0.000005
2026-04-25 17:10:35 | Epoch 00945 | train: 0.000004
2026-04-25 17:10:35 | Epoch 00946 | train: 0.000004
2026-04-25 17:10:35 | Epoch 00947 | train: 0.000004
2026-04-25 17:10:35 | Epoch 00948 | train: 0.000005
2026-04-25 17:10:35 | Epoch 00949 | train: 0.000005
2026-04-25 17:10:35 | Epoch 00950 | train: 0.000005
2026-04-25 17:10:35 | Epoch 00951 | train: 0.000004
2026-04-25 17:10:35 | Epoch 00952 | train: 0.000004
2026-04-25 17:10:35 | Epoch 00953 | train: 0.000005
2026-04-25 17:10:35 | Epoch 00954 | train: 0.000004
2026-04-25 17:10:35 | Epoch 00955 | train: 0.000005
2026-04-25 17:10:35 | Epoch 00956 | train: 0.000004
2026-04-25 17:10:35 | Epoch 00957 | train: 0.000005
2026-04-25 17:10:35 | Epoch 00958 | train: 0.000004
2026-04-25 17:10:35 | Epoch 00959 | train: 0.000004
2026-04-25 17:10:36 | Epoch 00960 | train: 0.000004
2026-04-25 17:10:36 | Epoch 00961 | train: 0.000004
2026-04-25 17:10:36 | Epoch 00962 | train: 0.000005
2026-04-25 17:10:36 | Epoch 00963 | train: 0.000004
2026-04-25 17:10:36 | Epoch 00964 | train: 0.000005
2026-04-25 17:10:36 | Epoch 00965 | train: 0.000005
2026-04-25 17:10:36 | Epoch 00966 | train: 0.000004
2026-04-25 17:10:36 | Epoch 00967 | train: 0.000004
2026-04-25 17:10:36 | Epoch 00968 | train: 0.000004
2026-04-25 17:10:36 | Epoch 00969 | train: 0.000004
2026-04-25 17:10:36 | Epoch 00970 | train: 0.000005
2026-04-25 17:10:36 | Epoch 00971 | train: 0.000005
2026-04-25 17:10:36 | Epoch 00972 | train: 0.000005
2026-04-25 17:10:36 | Epoch 00973 | train: 0.000005
2026-04-25 17:10:36 | Epoch 00974 | train: 0.000004
2026-04-25 17:10:36 | Epoch 00975 | train: 0.000005
2026-04-25 17:10:36 | Epoch 00976 | train: 0.000004
2026-04-25 17:10:36 | Epoch 00977 | train: 0.000004
2026-04-25 17:10:36 | Epoch 00978 | train: 0.000005
2026-04-25 17:10:36 | Epoch 00979 | train: 0.000005
2026-04-25 17:10:36 | Epoch 00980 | train: 0.000005
2026-04-25 17:10:36 | Epoch 00981 | train: 0.000005
2026-04-25 17:10:36 | Epoch 00982 | train: 0.000004
2026-04-25 17:10:36 | Epoch 00983 | train: 0.000005
2026-04-25 17:10:36 | Epoch 00984 | train: 0.000005
2026-04-25 17:10:36 | Epoch 00985 | train: 0.000005
2026-04-25 17:10:36 | Epoch 00986 | train: 0.000005
2026-04-25 17:10:36 | Epoch 00987 | train: 0.000005
2026-04-25 17:10:36 | Epoch 00988 | train: 0.000004
2026-04-25 17:10:36 | Epoch 00989 | train: 0.000004
2026-04-25 17:10:37 | Epoch 00990 | train: 0.000004
2026-04-25 17:10:37 | Epoch 00991 | train: 0.000004
2026-04-25 17:10:37 | Epoch 00992 | train: 0.000004
2026-04-25 17:10:37 | Epoch 00993 | train: 0.000004
2026-04-25 17:10:37 | Epoch 00994 | train: 0.000005
2026-04-25 17:10:37 | Epoch 00995 | train: 0.000004
2026-04-25 17:10:37 | Epoch 00996 | train: 0.000004
2026-04-25 17:10:37 | Epoch 00997 | train: 0.000005
2026-04-25 17:10:37 | Epoch 00998 | train: 0.000004
2026-04-25 17:10:37 | Epoch 00999 | train: 0.000005
2026-04-25 17:10:37 | Epoch 01000 | train: 0.000005
2026-04-25 17:10:37 | Epoch 01000 | test : 0.000003  [lr=6.62e-06]
2026-04-25 17:10:37 | Epoch 01000 | best model saved  (test_loss=0.000003)
2026-04-25 17:10:37 | Epoch 01001 | train: 0.000004
2026-04-25 17:10:37 | Epoch 01002 | train: 0.000005
2026-04-25 17:10:37 | Epoch 01003 | train: 0.000004
2026-04-25 17:10:37 | Epoch 01004 | train: 0.000004
2026-04-25 17:10:37 | Epoch 01005 | train: 0.000005
2026-04-25 17:10:37 | Epoch 01006 | train: 0.000005
2026-04-25 17:10:37 | Epoch 01007 | train: 0.000005
2026-04-25 17:10:37 | Epoch 01008 | train: 0.000004
2026-04-25 17:10:37 | Epoch 01009 | train: 0.000004
2026-04-25 17:10:37 | Epoch 01010 | train: 0.000005
2026-04-25 17:10:37 | Epoch 01011 | train: 0.000005
2026-04-25 17:10:37 | Epoch 01012 | train: 0.000005
2026-04-25 17:10:37 | Epoch 01013 | train: 0.000005
2026-04-25 17:10:37 | Epoch 01014 | train: 0.000005
2026-04-25 17:10:37 | Epoch 01015 | train: 0.000005
2026-04-25 17:10:37 | Epoch 01016 | train: 0.000004
2026-04-25 17:10:37 | Epoch 01017 | train: 0.000005
2026-04-25 17:10:38 | Epoch 01018 | train: 0.000005
2026-04-25 17:10:38 | Epoch 01019 | train: 0.000005
2026-04-25 17:10:38 | Epoch 01020 | train: 0.000004
2026-04-25 17:10:38 | Epoch 01021 | train: 0.000004
2026-04-25 17:10:38 | Epoch 01022 | train: 0.000004
2026-04-25 17:10:38 | Epoch 01023 | train: 0.000004
2026-04-25 17:10:38 | Epoch 01024 | train: 0.000005
2026-04-25 17:10:38 | Epoch 01025 | train: 0.000004
2026-04-25 17:10:38 | Epoch 01026 | train: 0.000005
2026-04-25 17:10:38 | Epoch 01027 | train: 0.000005
2026-04-25 17:10:38 | Epoch 01028 | train: 0.000005
2026-04-25 17:10:38 | Epoch 01029 | train: 0.000004
2026-04-25 17:10:38 | Epoch 01030 | train: 0.000004
2026-04-25 17:10:38 | Epoch 01031 | train: 0.000005
2026-04-25 17:10:38 | Epoch 01032 | train: 0.000004
2026-04-25 17:10:38 | Epoch 01033 | train: 0.000005
2026-04-25 17:10:38 | Epoch 01034 | train: 0.000005
2026-04-25 17:10:38 | Epoch 01035 | train: 0.000005
2026-04-25 17:10:38 | Epoch 01036 | train: 0.000004
2026-04-25 17:10:38 | Epoch 01037 | train: 0.000004
2026-04-25 17:10:38 | Epoch 01038 | train: 0.000004
2026-04-25 17:10:38 | Epoch 01039 | train: 0.000004
2026-04-25 17:10:38 | Epoch 01040 | train: 0.000005
2026-04-25 17:10:38 | Epoch 01041 | train: 0.000005
2026-04-25 17:10:38 | Epoch 01042 | train: 0.000005
2026-04-25 17:10:38 | Epoch 01043 | train: 0.000005
2026-04-25 17:10:38 | Epoch 01044 | train: 0.000004
2026-04-25 17:10:38 | Epoch 01045 | train: 0.000005
2026-04-25 17:10:38 | Epoch 01046 | train: 0.000004
2026-04-25 17:10:38 | Epoch 01047 | train: 0.000005
2026-04-25 17:10:39 | Epoch 01048 | train: 0.000005
2026-04-25 17:10:39 | Epoch 01049 | train: 0.000005
2026-04-25 17:10:39 | Epoch 01050 | train: 0.000004
2026-04-25 17:10:39 | Epoch 01051 | train: 0.000004
2026-04-25 17:10:39 | Epoch 01052 | train: 0.000005
2026-04-25 17:10:39 | Epoch 01053 | train: 0.000004
2026-04-25 17:10:39 | Epoch 01054 | train: 0.000004
2026-04-25 17:10:39 | Epoch 01055 | train: 0.000004
2026-04-25 17:10:39 | Epoch 01056 | train: 0.000004
2026-04-25 17:10:39 | Epoch 01057 | train: 0.000004
2026-04-25 17:10:39 | Epoch 01058 | train: 0.000005
2026-04-25 17:10:39 | Epoch 01059 | train: 0.000005
2026-04-25 17:10:39 | Epoch 01060 | train: 0.000005
2026-04-25 17:10:39 | Epoch 01061 | train: 0.000005
2026-04-25 17:10:39 | Epoch 01062 | train: 0.000005
2026-04-25 17:10:39 | Epoch 01063 | train: 0.000005
2026-04-25 17:10:39 | Epoch 01064 | train: 0.000005
2026-04-25 17:10:39 | Epoch 01065 | train: 0.000005
2026-04-25 17:10:39 | Epoch 01066 | train: 0.000005
2026-04-25 17:10:39 | Epoch 01067 | train: 0.000004
2026-04-25 17:10:39 | Epoch 01068 | train: 0.000005
2026-04-25 17:10:39 | Epoch 01069 | train: 0.000005
2026-04-25 17:10:39 | Epoch 01070 | train: 0.000004
2026-04-25 17:10:39 | Epoch 01071 | train: 0.000005
2026-04-25 17:10:39 | Epoch 01072 | train: 0.000004
2026-04-25 17:10:39 | Epoch 01073 | train: 0.000005
2026-04-25 17:10:39 | Epoch 01074 | train: 0.000004
2026-04-25 17:10:39 | Epoch 01075 | train: 0.000005
2026-04-25 17:10:39 | Epoch 01076 | train: 0.000004
2026-04-25 17:10:40 | Epoch 01077 | train: 0.000005
2026-04-25 17:10:40 | Epoch 01078 | train: 0.000004
2026-04-25 17:10:40 | Epoch 01079 | train: 0.000004
2026-04-25 17:10:40 | Epoch 01080 | train: 0.000004
2026-04-25 17:10:40 | Epoch 01081 | train: 0.000005
2026-04-25 17:10:40 | Epoch 01082 | train: 0.000005
2026-04-25 17:10:40 | Epoch 01083 | train: 0.000005
2026-04-25 17:10:40 | Epoch 01084 | train: 0.000005
2026-04-25 17:10:40 | Epoch 01085 | train: 0.000005
2026-04-25 17:10:40 | Epoch 01086 | train: 0.000005
2026-04-25 17:10:40 | Epoch 01087 | train: 0.000004
2026-04-25 17:10:40 | Epoch 01088 | train: 0.000005
2026-04-25 17:10:40 | Epoch 01089 | train: 0.000004
2026-04-25 17:10:40 | Epoch 01090 | train: 0.000005
2026-04-25 17:10:40 | Epoch 01091 | train: 0.000005
2026-04-25 17:10:40 | Epoch 01092 | train: 0.000005
2026-04-25 17:10:40 | Epoch 01093 | train: 0.000004
2026-04-25 17:10:40 | Epoch 01094 | train: 0.000005
2026-04-25 17:10:40 | Epoch 01095 | train: 0.000005
2026-04-25 17:10:40 | Epoch 01096 | train: 0.000004
2026-04-25 17:10:40 | Epoch 01097 | train: 0.000005
2026-04-25 17:10:40 | Epoch 01098 | train: 0.000004
2026-04-25 17:10:40 | Epoch 01099 | train: 0.000004
2026-04-25 17:10:40 | Epoch 01100 | train: 0.000004
2026-04-25 17:10:40 | Epoch 01101 | train: 0.000005
2026-04-25 17:10:40 | Epoch 01102 | train: 0.000004
2026-04-25 17:10:40 | Epoch 01103 | train: 0.000005
2026-04-25 17:10:40 | Epoch 01104 | train: 0.000005
2026-04-25 17:10:40 | Epoch 01105 | train: 0.000005
2026-04-25 17:10:40 | Epoch 01106 | train: 0.000004
2026-04-25 17:10:41 | Epoch 01107 | train: 0.000004
2026-04-25 17:10:41 | Epoch 01108 | train: 0.000004
2026-04-25 17:10:41 | Epoch 01109 | train: 0.000004
2026-04-25 17:10:41 | Epoch 01110 | train: 0.000004
2026-04-25 17:10:41 | Epoch 01111 | train: 0.000005
2026-04-25 17:10:41 | Epoch 01112 | train: 0.000004
2026-04-25 17:10:41 | Epoch 01113 | train: 0.000004
2026-04-25 17:10:41 | Epoch 01114 | train: 0.000005
2026-04-25 17:10:41 | Epoch 01115 | train: 0.000005
2026-04-25 17:10:41 | Epoch 01116 | train: 0.000005
2026-04-25 17:10:41 | Epoch 01117 | train: 0.000004
2026-04-25 17:10:41 | Epoch 01118 | train: 0.000005
2026-04-25 17:10:41 | Epoch 01119 | train: 0.000004
2026-04-25 17:10:41 | Epoch 01120 | train: 0.000004
2026-04-25 17:10:41 | Epoch 01121 | train: 0.000004
2026-04-25 17:10:41 | Epoch 01122 | train: 0.000004
2026-04-25 17:10:41 | Epoch 01123 | train: 0.000005
2026-04-25 17:10:41 | Epoch 01124 | train: 0.000004
2026-04-25 17:10:41 | Epoch 01125 | train: 0.000004
2026-04-25 17:10:41 | Epoch 01126 | train: 0.000005
2026-04-25 17:10:41 | Epoch 01127 | train: 0.000004
2026-04-25 17:10:41 | Epoch 01128 | train: 0.000005
2026-04-25 17:10:41 | Epoch 01129 | train: 0.000005
2026-04-25 17:10:41 | Epoch 01130 | train: 0.000004
2026-04-25 17:10:41 | Epoch 01131 | train: 0.000005
2026-04-25 17:10:41 | Epoch 01132 | train: 0.000005
2026-04-25 17:10:41 | Epoch 01133 | train: 0.000004
2026-04-25 17:10:41 | Epoch 01134 | train: 0.000004
2026-04-25 17:10:41 | Epoch 01135 | train: 0.000004
2026-04-25 17:10:41 | Epoch 01136 | train: 0.000005
2026-04-25 17:10:42 | Epoch 01137 | train: 0.000004
2026-04-25 17:10:42 | Epoch 01138 | train: 0.000005
2026-04-25 17:10:42 | Epoch 01139 | train: 0.000004
2026-04-25 17:10:42 | Epoch 01140 | train: 0.000004
2026-04-25 17:10:42 | Epoch 01141 | train: 0.000004
2026-04-25 17:10:42 | Epoch 01142 | train: 0.000004
2026-04-25 17:10:42 | Epoch 01143 | train: 0.000004
2026-04-25 17:10:42 | Epoch 01144 | train: 0.000005
2026-04-25 17:10:42 | Epoch 01145 | train: 0.000005
2026-04-25 17:10:42 | Epoch 01146 | train: 0.000005
2026-04-25 17:10:42 | Epoch 01147 | train: 0.000005
2026-04-25 17:10:42 | Epoch 01148 | train: 0.000004
2026-04-25 17:10:42 | Epoch 01149 | train: 0.000005
2026-04-25 17:10:42 | Epoch 01150 | train: 0.000005
2026-04-25 17:10:42 | Epoch 01151 | train: 0.000004
2026-04-25 17:10:42 | Epoch 01152 | train: 0.000004
2026-04-25 17:10:42 | Epoch 01153 | train: 0.000004
2026-04-25 17:10:42 | Epoch 01154 | train: 0.000004
2026-04-25 17:10:42 | Epoch 01155 | train: 0.000004
2026-04-25 17:10:42 | Epoch 01156 | train: 0.000004
2026-04-25 17:10:42 | Epoch 01157 | train: 0.000004
2026-04-25 17:10:42 | Epoch 01158 | train: 0.000005
2026-04-25 17:10:42 | Epoch 01159 | train: 0.000005
2026-04-25 17:10:42 | Epoch 01160 | train: 0.000004
2026-04-25 17:10:42 | Epoch 01161 | train: 0.000004
2026-04-25 17:10:42 | Epoch 01162 | train: 0.000004
2026-04-25 17:10:42 | Epoch 01163 | train: 0.000005
2026-04-25 17:10:42 | Epoch 01164 | train: 0.000005
2026-04-25 17:10:42 | Epoch 01165 | train: 0.000005
2026-04-25 17:10:42 | Epoch 01166 | train: 0.000004
2026-04-25 17:10:43 | Epoch 01167 | train: 0.000005
2026-04-25 17:10:43 | Epoch 01168 | train: 0.000005
2026-04-25 17:10:43 | Epoch 01169 | train: 0.000005
2026-04-25 17:10:43 | Epoch 01170 | train: 0.000004
2026-04-25 17:10:43 | Epoch 01171 | train: 0.000004
2026-04-25 17:10:43 | Epoch 01172 | train: 0.000004
2026-04-25 17:10:43 | Epoch 01173 | train: 0.000004
2026-04-25 17:10:43 | Epoch 01174 | train: 0.000004
2026-04-25 17:10:43 | Epoch 01175 | train: 0.000005
2026-04-25 17:10:43 | Epoch 01176 | train: 0.000004
2026-04-25 17:10:43 | Epoch 01177 | train: 0.000004
2026-04-25 17:10:43 | Epoch 01178 | train: 0.000005
2026-04-25 17:10:43 | Epoch 01179 | train: 0.000004
2026-04-25 17:10:43 | Epoch 01180 | train: 0.000005
2026-04-25 17:10:43 | Epoch 01181 | train: 0.000004
2026-04-25 17:10:43 | Epoch 01182 | train: 0.000004
2026-04-25 17:10:43 | Epoch 01183 | train: 0.000004
2026-04-25 17:10:43 | Epoch 01184 | train: 0.000005
2026-04-25 17:10:43 | Epoch 01185 | train: 0.000004
2026-04-25 17:10:43 | Epoch 01186 | train: 0.000004
2026-04-25 17:10:43 | Epoch 01187 | train: 0.000004
2026-04-25 17:10:43 | Epoch 01188 | train: 0.000004
2026-04-25 17:10:43 | Epoch 01189 | train: 0.000004
2026-04-25 17:10:43 | Epoch 01190 | train: 0.000005
2026-04-25 17:10:43 | Epoch 01191 | train: 0.000005
2026-04-25 17:10:43 | Epoch 01192 | train: 0.000004
2026-04-25 17:10:43 | Epoch 01193 | train: 0.000005
2026-04-25 17:10:43 | Epoch 01194 | train: 0.000005
2026-04-25 17:10:43 | Epoch 01195 | train: 0.000005
2026-04-25 17:10:43 | Epoch 01196 | train: 0.000004
2026-04-25 17:10:44 | Epoch 01197 | train: 0.000004
2026-04-25 17:10:44 | Epoch 01198 | train: 0.000005
2026-04-25 17:10:44 | Epoch 01199 | train: 0.000005
2026-04-25 17:10:44 | Epoch 01200 | train: 0.000005
2026-04-25 17:10:44 | Epoch 01200 | test : 0.000003  [lr=2.43e-06]
2026-04-25 17:10:44 | Epoch 01201 | train: 0.000004
2026-04-25 17:10:44 | Epoch 01202 | train: 0.000004
2026-04-25 17:10:44 | Epoch 01203 | train: 0.000005
2026-04-25 17:10:44 | Epoch 01204 | train: 0.000004
2026-04-25 17:10:44 | Epoch 01205 | train: 0.000004
2026-04-25 17:10:44 | Epoch 01206 | train: 0.000005
2026-04-25 17:10:44 | Epoch 01207 | train: 0.000004
2026-04-25 17:10:44 | Epoch 01208 | train: 0.000004
2026-04-25 17:10:44 | Epoch 01209 | train: 0.000004
2026-04-25 17:10:44 | Epoch 01210 | train: 0.000004
2026-04-25 17:10:44 | Epoch 01211 | train: 0.000004
2026-04-25 17:10:44 | Epoch 01212 | train: 0.000004
2026-04-25 17:10:44 | Epoch 01213 | train: 0.000005
2026-04-25 17:10:44 | Epoch 01214 | train: 0.000004
2026-04-25 17:10:44 | Epoch 01215 | train: 0.000004
2026-04-25 17:10:44 | Epoch 01216 | train: 0.000005
2026-04-25 17:10:44 | Epoch 01217 | train: 0.000004
2026-04-25 17:10:44 | Epoch 01218 | train: 0.000005
2026-04-25 17:10:44 | Epoch 01219 | train: 0.000004
2026-04-25 17:10:44 | Epoch 01220 | train: 0.000004
2026-04-25 17:10:44 | Epoch 01221 | train: 0.000005
2026-04-25 17:10:44 | Epoch 01222 | train: 0.000004
2026-04-25 17:10:44 | Epoch 01223 | train: 0.000004
2026-04-25 17:10:44 | Epoch 01224 | train: 0.000005
2026-04-25 17:10:45 | Epoch 01225 | train: 0.000005
2026-04-25 17:10:45 | Epoch 01226 | train: 0.000004
2026-04-25 17:10:45 | Epoch 01227 | train: 0.000004
2026-04-25 17:10:45 | Epoch 01228 | train: 0.000005
2026-04-25 17:10:45 | Epoch 01229 | train: 0.000005
2026-04-25 17:10:45 | Epoch 01230 | train: 0.000004
2026-04-25 17:10:45 | Epoch 01231 | train: 0.000005
2026-04-25 17:10:45 | Epoch 01232 | train: 0.000004
2026-04-25 17:10:45 | Epoch 01233 | train: 0.000004
2026-04-25 17:10:45 | Epoch 01234 | train: 0.000004
2026-04-25 17:10:45 | Epoch 01235 | train: 0.000005
2026-04-25 17:10:45 | Epoch 01236 | train: 0.000004
2026-04-25 17:10:45 | Epoch 01237 | train: 0.000005
2026-04-25 17:10:45 | Epoch 01238 | train: 0.000004
2026-04-25 17:10:45 | Epoch 01239 | train: 0.000004
2026-04-25 17:10:45 | Epoch 01240 | train: 0.000004
2026-04-25 17:10:45 | Epoch 01241 | train: 0.000004
2026-04-25 17:10:45 | Epoch 01242 | train: 0.000004
2026-04-25 17:10:45 | Epoch 01243 | train: 0.000004
2026-04-25 17:10:45 | Epoch 01244 | train: 0.000005
2026-04-25 17:10:45 | Epoch 01245 | train: 0.000004
2026-04-25 17:10:45 | Epoch 01246 | train: 0.000004
2026-04-25 17:10:45 | Epoch 01247 | train: 0.000004
2026-04-25 17:10:45 | Epoch 01248 | train: 0.000005
2026-04-25 17:10:45 | Epoch 01249 | train: 0.000004
2026-04-25 17:10:45 | Epoch 01250 | train: 0.000004
2026-04-25 17:10:45 | Epoch 01251 | train: 0.000004
2026-04-25 17:10:45 | Epoch 01252 | train: 0.000004
2026-04-25 17:10:45 | Epoch 01253 | train: 0.000004
2026-04-25 17:10:46 | Epoch 01254 | train: 0.000005
2026-04-25 17:10:46 | Epoch 01255 | train: 0.000004
2026-04-25 17:10:46 | Epoch 01256 | train: 0.000004
2026-04-25 17:10:46 | Epoch 01257 | train: 0.000004
2026-04-25 17:10:46 | Epoch 01258 | train: 0.000004
2026-04-25 17:10:46 | Epoch 01259 | train: 0.000005
2026-04-25 17:10:46 | Epoch 01260 | train: 0.000004
2026-04-25 17:10:46 | Epoch 01261 | train: 0.000004
2026-04-25 17:10:46 | Epoch 01262 | train: 0.000004
2026-04-25 17:10:46 | Epoch 01263 | train: 0.000005
2026-04-25 17:10:46 | Epoch 01264 | train: 0.000004
2026-04-25 17:10:46 | Epoch 01265 | train: 0.000004
2026-04-25 17:10:46 | Epoch 01266 | train: 0.000004
2026-04-25 17:10:46 | Epoch 01267 | train: 0.000005
2026-04-25 17:10:46 | Epoch 01268 | train: 0.000005
2026-04-25 17:10:46 | Epoch 01269 | train: 0.000004
2026-04-25 17:10:46 | Epoch 01270 | train: 0.000005
2026-04-25 17:10:46 | Epoch 01271 | train: 0.000004
2026-04-25 17:10:46 | Epoch 01272 | train: 0.000005
2026-04-25 17:10:46 | Epoch 01273 | train: 0.000004
2026-04-25 17:10:46 | Epoch 01274 | train: 0.000005
2026-04-25 17:10:46 | Epoch 01275 | train: 0.000004
2026-04-25 17:10:46 | Epoch 01276 | train: 0.000004
2026-04-25 17:10:46 | Epoch 01277 | train: 0.000005
2026-04-25 17:10:46 | Epoch 01278 | train: 0.000004
2026-04-25 17:10:46 | Epoch 01279 | train: 0.000005
2026-04-25 17:10:46 | Epoch 01280 | train: 0.000005
2026-04-25 17:10:46 | Epoch 01281 | train: 0.000005
2026-04-25 17:10:46 | Epoch 01282 | train: 0.000004
2026-04-25 17:10:46 | Epoch 01283 | train: 0.000005
2026-04-25 17:10:47 | Epoch 01284 | train: 0.000004
2026-04-25 17:10:47 | Epoch 01285 | train: 0.000004
2026-04-25 17:10:47 | Epoch 01286 | train: 0.000004
2026-04-25 17:10:47 | Epoch 01287 | train: 0.000005
2026-04-25 17:10:47 | Epoch 01288 | train: 0.000004
2026-04-25 17:10:47 | Epoch 01289 | train: 0.000004
2026-04-25 17:10:47 | Epoch 01290 | train: 0.000004
2026-04-25 17:10:47 | Epoch 01291 | train: 0.000004
2026-04-25 17:10:47 | Epoch 01292 | train: 0.000004
2026-04-25 17:10:47 | Epoch 01293 | train: 0.000004
2026-04-25 17:10:47 | Epoch 01294 | train: 0.000004
2026-04-25 17:10:47 | Epoch 01295 | train: 0.000005
2026-04-25 17:10:47 | Epoch 01296 | train: 0.000004
2026-04-25 17:10:47 | Epoch 01297 | train: 0.000005
2026-04-25 17:10:47 | Epoch 01298 | train: 0.000004
2026-04-25 17:10:47 | Epoch 01299 | train: 0.000004
2026-04-25 17:10:47 | Epoch 01300 | train: 0.000005
2026-04-25 17:10:47 | Epoch 01301 | train: 0.000004
2026-04-25 17:10:47 | Epoch 01302 | train: 0.000004
2026-04-25 17:10:47 | Epoch 01303 | train: 0.000005
2026-04-25 17:10:47 | Epoch 01304 | train: 0.000004
2026-04-25 17:10:47 | Epoch 01305 | train: 0.000004
2026-04-25 17:10:47 | Epoch 01306 | train: 0.000005
2026-04-25 17:10:47 | Epoch 01307 | train: 0.000004
2026-04-25 17:10:47 | Epoch 01308 | train: 0.000005
2026-04-25 17:10:47 | Epoch 01309 | train: 0.000004
2026-04-25 17:10:47 | Epoch 01310 | train: 0.000005
2026-04-25 17:10:47 | Epoch 01311 | train: 0.000004
2026-04-25 17:10:47 | Epoch 01312 | train: 0.000004
2026-04-25 17:10:47 | Epoch 01313 | train: 0.000004
2026-04-25 17:10:48 | Epoch 01314 | train: 0.000004
2026-04-25 17:10:48 | Epoch 01315 | train: 0.000004
2026-04-25 17:10:48 | Epoch 01316 | train: 0.000004
2026-04-25 17:10:48 | Epoch 01317 | train: 0.000004
2026-04-25 17:10:48 | Epoch 01318 | train: 0.000004
2026-04-25 17:10:48 | Epoch 01319 | train: 0.000004
2026-04-25 17:10:48 | Epoch 01320 | train: 0.000004
2026-04-25 17:10:48 | Epoch 01321 | train: 0.000004
2026-04-25 17:10:48 | Epoch 01322 | train: 0.000005
2026-04-25 17:10:48 | Epoch 01323 | train: 0.000005
2026-04-25 17:10:48 | Epoch 01324 | train: 0.000005
2026-04-25 17:10:48 | Epoch 01325 | train: 0.000004
2026-04-25 17:10:48 | Epoch 01326 | train: 0.000004
2026-04-25 17:10:48 | Epoch 01327 | train: 0.000005
2026-04-25 17:10:48 | Epoch 01328 | train: 0.000005
2026-04-25 17:10:48 | Epoch 01329 | train: 0.000004
2026-04-25 17:10:48 | Epoch 01330 | train: 0.000004
2026-04-25 17:10:48 | Epoch 01331 | train: 0.000004
2026-04-25 17:10:48 | Epoch 01332 | train: 0.000004
2026-04-25 17:10:48 | Epoch 01333 | train: 0.000005
2026-04-25 17:10:48 | Epoch 01334 | train: 0.000005
2026-04-25 17:10:48 | Epoch 01335 | train: 0.000004
2026-04-25 17:10:48 | Epoch 01336 | train: 0.000004
2026-04-25 17:10:48 | Epoch 01337 | train: 0.000004
2026-04-25 17:10:48 | Epoch 01338 | train: 0.000004
2026-04-25 17:10:48 | Epoch 01339 | train: 0.000005
2026-04-25 17:10:48 | Epoch 01340 | train: 0.000005
2026-04-25 17:10:48 | Epoch 01341 | train: 0.000005
2026-04-25 17:10:48 | Epoch 01342 | train: 0.000004
2026-04-25 17:10:48 | Epoch 01343 | train: 0.000004
2026-04-25 17:10:49 | Epoch 01344 | train: 0.000004
2026-04-25 17:10:49 | Epoch 01345 | train: 0.000004
2026-04-25 17:10:49 | Epoch 01346 | train: 0.000004
2026-04-25 17:10:49 | Epoch 01347 | train: 0.000004
2026-04-25 17:10:49 | Epoch 01348 | train: 0.000004
2026-04-25 17:10:49 | Epoch 01349 | train: 0.000004
2026-04-25 17:10:49 | Epoch 01350 | train: 0.000004
2026-04-25 17:10:49 | Epoch 01351 | train: 0.000004
2026-04-25 17:10:49 | Epoch 01352 | train: 0.000005
2026-04-25 17:10:49 | Epoch 01353 | train: 0.000005
2026-04-25 17:10:49 | Epoch 01354 | train: 0.000005
2026-04-25 17:10:49 | Epoch 01355 | train: 0.000005
2026-04-25 17:10:49 | Epoch 01356 | train: 0.000004
2026-04-25 17:10:49 | Epoch 01357 | train: 0.000004
2026-04-25 17:10:49 | Epoch 01358 | train: 0.000004
2026-04-25 17:10:49 | Epoch 01359 | train: 0.000004
2026-04-25 17:10:49 | Epoch 01360 | train: 0.000004
2026-04-25 17:10:49 | Epoch 01361 | train: 0.000004
2026-04-25 17:10:49 | Epoch 01362 | train: 0.000005
2026-04-25 17:10:49 | Epoch 01363 | train: 0.000005
2026-04-25 17:10:49 | Epoch 01364 | train: 0.000005
2026-04-25 17:10:49 | Epoch 01365 | train: 0.000004
2026-04-25 17:10:49 | Epoch 01366 | train: 0.000004
2026-04-25 17:10:49 | Epoch 01367 | train: 0.000004
2026-04-25 17:10:49 | Epoch 01368 | train: 0.000005
2026-04-25 17:10:49 | Epoch 01369 | train: 0.000005
2026-04-25 17:10:49 | Epoch 01370 | train: 0.000004
2026-04-25 17:10:49 | Epoch 01371 | train: 0.000004
2026-04-25 17:10:49 | Epoch 01372 | train: 0.000004
2026-04-25 17:10:49 | Epoch 01373 | train: 0.000004
2026-04-25 17:10:50 | Epoch 01374 | train: 0.000004
2026-04-25 17:10:50 | Epoch 01375 | train: 0.000005
2026-04-25 17:10:50 | Epoch 01376 | train: 0.000004
2026-04-25 17:10:50 | Epoch 01377 | train: 0.000004
2026-04-25 17:10:50 | Epoch 01378 | train: 0.000004
2026-04-25 17:10:50 | Epoch 01379 | train: 0.000005
2026-04-25 17:10:50 | Epoch 01380 | train: 0.000004
2026-04-25 17:10:50 | Epoch 01381 | train: 0.000004
2026-04-25 17:10:50 | Epoch 01382 | train: 0.000005
2026-04-25 17:10:50 | Epoch 01383 | train: 0.000004
2026-04-25 17:10:50 | Epoch 01384 | train: 0.000004
2026-04-25 17:10:50 | Epoch 01385 | train: 0.000004
2026-04-25 17:10:50 | Epoch 01386 | train: 0.000004
2026-04-25 17:10:50 | Epoch 01387 | train: 0.000004
2026-04-25 17:10:50 | Epoch 01388 | train: 0.000005
2026-04-25 17:10:50 | Epoch 01389 | train: 0.000004
2026-04-25 17:10:50 | Epoch 01390 | train: 0.000004
2026-04-25 17:10:50 | Epoch 01391 | train: 0.000004
2026-04-25 17:10:50 | Epoch 01392 | train: 0.000004
2026-04-25 17:10:50 | Epoch 01393 | train: 0.000004
2026-04-25 17:10:50 | Epoch 01394 | train: 0.000005
2026-04-25 17:10:50 | Epoch 01395 | train: 0.000004
2026-04-25 17:10:50 | Epoch 01396 | train: 0.000004
2026-04-25 17:10:50 | Epoch 01397 | train: 0.000004
2026-04-25 17:10:50 | Epoch 01398 | train: 0.000005
2026-04-25 17:10:50 | Epoch 01399 | train: 0.000004
2026-04-25 17:10:50 | Epoch 01400 | train: 0.000005
2026-04-25 17:10:50 | Epoch 01400 | test : 0.000003  [lr=8.92e-07]
2026-04-25 17:10:50 | Epoch 01400 | best model saved  (test_loss=0.000003)
2026-04-25 17:10:50 | Epoch 01401 | train: 0.000004
2026-04-25 17:10:51 | Epoch 01402 | train: 0.000005
2026-04-25 17:10:51 | Epoch 01403 | train: 0.000004
2026-04-25 17:10:51 | Epoch 01404 | train: 0.000004
2026-04-25 17:10:51 | Epoch 01405 | train: 0.000004
2026-04-25 17:10:51 | Epoch 01406 | train: 0.000004
2026-04-25 17:10:51 | Epoch 01407 | train: 0.000004
2026-04-25 17:10:51 | Epoch 01408 | train: 0.000004
2026-04-25 17:10:51 | Epoch 01409 | train: 0.000004
2026-04-25 17:10:51 | Epoch 01410 | train: 0.000004
2026-04-25 17:10:51 | Epoch 01411 | train: 0.000005
2026-04-25 17:10:51 | Epoch 01412 | train: 0.000005
2026-04-25 17:10:51 | Epoch 01413 | train: 0.000004
2026-04-25 17:10:51 | Epoch 01414 | train: 0.000004
2026-04-25 17:10:51 | Epoch 01415 | train: 0.000004
2026-04-25 17:10:51 | Epoch 01416 | train: 0.000004
2026-04-25 17:10:51 | Epoch 01417 | train: 0.000004
2026-04-25 17:10:51 | Epoch 01418 | train: 0.000004
2026-04-25 17:10:51 | Epoch 01419 | train: 0.000004
2026-04-25 17:10:51 | Epoch 01420 | train: 0.000004
2026-04-25 17:10:51 | Epoch 01421 | train: 0.000004
2026-04-25 17:10:51 | Epoch 01422 | train: 0.000004
2026-04-25 17:10:51 | Epoch 01423 | train: 0.000004
2026-04-25 17:10:51 | Epoch 01424 | train: 0.000004
2026-04-25 17:10:51 | Epoch 01425 | train: 0.000004
2026-04-25 17:10:51 | Epoch 01426 | train: 0.000004
2026-04-25 17:10:51 | Epoch 01427 | train: 0.000005
2026-04-25 17:10:51 | Epoch 01428 | train: 0.000005
2026-04-25 17:10:51 | Epoch 01429 | train: 0.000004
2026-04-25 17:10:51 | Epoch 01430 | train: 0.000004
2026-04-25 17:10:51 | Epoch 01431 | train: 0.000004
2026-04-25 17:10:52 | Epoch 01432 | train: 0.000004
2026-04-25 17:10:52 | Epoch 01433 | train: 0.000004
2026-04-25 17:10:52 | Epoch 01434 | train: 0.000005
2026-04-25 17:10:52 | Epoch 01435 | train: 0.000004
2026-04-25 17:10:52 | Epoch 01436 | train: 0.000004
2026-04-25 17:10:52 | Epoch 01437 | train: 0.000004
2026-04-25 17:10:52 | Epoch 01438 | train: 0.000004
2026-04-25 17:10:52 | Epoch 01439 | train: 0.000005
2026-04-25 17:10:52 | Epoch 01440 | train: 0.000004
2026-04-25 17:10:52 | Epoch 01441 | train: 0.000005
2026-04-25 17:10:52 | Epoch 01442 | train: 0.000004
2026-04-25 17:10:52 | Epoch 01443 | train: 0.000004
2026-04-25 17:10:52 | Epoch 01444 | train: 0.000005
2026-04-25 17:10:52 | Epoch 01445 | train: 0.000004
2026-04-25 17:10:52 | Epoch 01446 | train: 0.000004
2026-04-25 17:10:52 | Epoch 01447 | train: 0.000004
2026-04-25 17:10:52 | Epoch 01448 | train: 0.000004
2026-04-25 17:10:52 | Epoch 01449 | train: 0.000004
2026-04-25 17:10:52 | Epoch 01450 | train: 0.000005
2026-04-25 17:10:52 | Epoch 01451 | train: 0.000005
2026-04-25 17:10:52 | Epoch 01452 | train: 0.000004
2026-04-25 17:10:52 | Epoch 01453 | train: 0.000004
2026-04-25 17:10:52 | Epoch 01454 | train: 0.000004
2026-04-25 17:10:52 | Epoch 01455 | train: 0.000005
2026-04-25 17:10:52 | Epoch 01456 | train: 0.000004
2026-04-25 17:10:52 | Epoch 01457 | train: 0.000005
2026-04-25 17:10:52 | Epoch 01458 | train: 0.000004
2026-04-25 17:10:52 | Epoch 01459 | train: 0.000004
2026-04-25 17:10:52 | Epoch 01460 | train: 0.000004
2026-04-25 17:10:52 | Epoch 01461 | train: 0.000004
2026-04-25 17:10:53 | Epoch 01462 | train: 0.000004
2026-04-25 17:10:53 | Epoch 01463 | train: 0.000004
2026-04-25 17:10:53 | Epoch 01464 | train: 0.000004
2026-04-25 17:10:53 | Epoch 01465 | train: 0.000004
2026-04-25 17:10:53 | Epoch 01466 | train: 0.000005
2026-04-25 17:10:53 | Epoch 01467 | train: 0.000005
2026-04-25 17:10:53 | Epoch 01468 | train: 0.000004
2026-04-25 17:10:53 | Epoch 01469 | train: 0.000004
2026-04-25 17:10:53 | Epoch 01470 | train: 0.000004
2026-04-25 17:10:53 | Epoch 01471 | train: 0.000004
2026-04-25 17:10:53 | Epoch 01472 | train: 0.000004
2026-04-25 17:10:53 | Epoch 01473 | train: 0.000005
2026-04-25 17:10:53 | Epoch 01474 | train: 0.000004
2026-04-25 17:10:53 | Epoch 01475 | train: 0.000004
2026-04-25 17:10:53 | Epoch 01476 | train: 0.000004
2026-04-25 17:10:53 | Epoch 01477 | train: 0.000005
2026-04-25 17:10:53 | Epoch 01478 | train: 0.000004
2026-04-25 17:10:53 | Epoch 01479 | train: 0.000004
2026-04-25 17:10:53 | Epoch 01480 | train: 0.000005
2026-04-25 17:10:53 | Epoch 01481 | train: 0.000005
2026-04-25 17:10:53 | Epoch 01482 | train: 0.000004
2026-04-25 17:10:53 | Epoch 01483 | train: 0.000004
2026-04-25 17:10:53 | Epoch 01484 | train: 0.000005
2026-04-25 17:10:53 | Epoch 01485 | train: 0.000004
2026-04-25 17:10:53 | Epoch 01486 | train: 0.000004
2026-04-25 17:10:53 | Epoch 01487 | train: 0.000004
2026-04-25 17:10:53 | Epoch 01488 | train: 0.000004
2026-04-25 17:10:53 | Epoch 01489 | train: 0.000005
2026-04-25 17:10:53 | Epoch 01490 | train: 0.000004
2026-04-25 17:10:53 | Epoch 01491 | train: 0.000004
2026-04-25 17:10:54 | Epoch 01492 | train: 0.000004
2026-04-25 17:10:54 | Epoch 01493 | train: 0.000005
2026-04-25 17:10:54 | Epoch 01494 | train: 0.000005
2026-04-25 17:10:54 | Epoch 01495 | train: 0.000004
2026-04-25 17:10:54 | Epoch 01496 | train: 0.000004
2026-04-25 17:10:54 | Epoch 01497 | train: 0.000004
2026-04-25 17:10:54 | Epoch 01498 | train: 0.000004
2026-04-25 17:10:54 | Epoch 01499 | train: 0.000004
2026-04-25 17:10:54 | Epoch 01500 | train: 0.000004
2026-04-25 17:10:54 | Epoch 01501 | train: 0.000004
2026-04-25 17:10:54 | Epoch 01502 | train: 0.000004
2026-04-25 17:10:54 | Epoch 01503 | train: 0.000005
2026-04-25 17:10:54 | Epoch 01504 | train: 0.000004
2026-04-25 17:10:54 | Epoch 01505 | train: 0.000004
2026-04-25 17:10:54 | Epoch 01506 | train: 0.000004
2026-04-25 17:10:54 | Epoch 01507 | train: 0.000005
2026-04-25 17:10:54 | Epoch 01508 | train: 0.000004
2026-04-25 17:10:54 | Epoch 01509 | train: 0.000005
2026-04-25 17:10:54 | Epoch 01510 | train: 0.000004
2026-04-25 17:10:54 | Epoch 01511 | train: 0.000005
2026-04-25 17:10:54 | Epoch 01512 | train: 0.000004
2026-04-25 17:10:54 | Epoch 01513 | train: 0.000005
2026-04-25 17:10:54 | Epoch 01514 | train: 0.000004
2026-04-25 17:10:54 | Epoch 01515 | train: 0.000005
2026-04-25 17:10:54 | Epoch 01516 | train: 0.000004
2026-04-25 17:10:54 | Epoch 01517 | train: 0.000004
2026-04-25 17:10:54 | Epoch 01518 | train: 0.000004
2026-04-25 17:10:54 | Epoch 01519 | train: 0.000004
2026-04-25 17:10:54 | Epoch 01520 | train: 0.000005
2026-04-25 17:10:55 | Epoch 01521 | train: 0.000004
2026-04-25 17:10:55 | Epoch 01522 | train: 0.000004
2026-04-25 17:10:55 | Epoch 01523 | train: 0.000004
2026-04-25 17:10:55 | Epoch 01524 | train: 0.000004
2026-04-25 17:10:55 | Epoch 01525 | train: 0.000005
2026-04-25 17:10:55 | Epoch 01526 | train: 0.000004
2026-04-25 17:10:55 | Epoch 01527 | train: 0.000004
2026-04-25 17:10:55 | Epoch 01528 | train: 0.000004
2026-04-25 17:10:55 | Epoch 01529 | train: 0.000005
2026-04-25 17:10:55 | Epoch 01530 | train: 0.000005
2026-04-25 17:10:55 | Epoch 01531 | train: 0.000005
2026-04-25 17:10:55 | Epoch 01532 | train: 0.000004
2026-04-25 17:10:55 | Epoch 01533 | train: 0.000004
2026-04-25 17:10:55 | Epoch 01534 | train: 0.000004
2026-04-25 17:10:55 | Epoch 01535 | train: 0.000004
2026-04-25 17:10:55 | Epoch 01536 | train: 0.000004
2026-04-25 17:10:55 | Epoch 01537 | train: 0.000004
2026-04-25 17:10:55 | Epoch 01538 | train: 0.000004
2026-04-25 17:10:55 | Epoch 01539 | train: 0.000004
2026-04-25 17:10:55 | Epoch 01540 | train: 0.000004
2026-04-25 17:10:55 | Epoch 01541 | train: 0.000004
2026-04-25 17:10:55 | Epoch 01542 | train: 0.000005
2026-04-25 17:10:55 | Epoch 01543 | train: 0.000005
2026-04-25 17:10:55 | Epoch 01544 | train: 0.000004
2026-04-25 17:10:55 | Epoch 01545 | train: 0.000004
2026-04-25 17:10:55 | Epoch 01546 | train: 0.000004
2026-04-25 17:10:55 | Epoch 01547 | train: 0.000004
2026-04-25 17:10:55 | Epoch 01548 | train: 0.000004
2026-04-25 17:10:55 | Epoch 01549 | train: 0.000004
2026-04-25 17:10:55 | Epoch 01550 | train: 0.000004
2026-04-25 17:10:56 | Epoch 01551 | train: 0.000005
2026-04-25 17:10:56 | Epoch 01552 | train: 0.000005
2026-04-25 17:10:56 | Epoch 01553 | train: 0.000005
2026-04-25 17:10:56 | Epoch 01554 | train: 0.000004
2026-04-25 17:10:56 | Epoch 01555 | train: 0.000004
2026-04-25 17:10:56 | Epoch 01556 | train: 0.000004
2026-04-25 17:10:56 | Epoch 01557 | train: 0.000004
2026-04-25 17:10:56 | Epoch 01558 | train: 0.000004
2026-04-25 17:10:56 | Epoch 01559 | train: 0.000005
2026-04-25 17:10:56 | Epoch 01560 | train: 0.000004
2026-04-25 17:10:56 | Epoch 01561 | train: 0.000005
2026-04-25 17:10:56 | Epoch 01562 | train: 0.000004
2026-04-25 17:10:56 | Epoch 01563 | train: 0.000004
2026-04-25 17:10:56 | Epoch 01564 | train: 0.000004
2026-04-25 17:10:56 | Epoch 01565 | train: 0.000004
2026-04-25 17:10:56 | Epoch 01566 | train: 0.000004
2026-04-25 17:10:56 | Epoch 01567 | train: 0.000004
2026-04-25 17:10:56 | Epoch 01568 | train: 0.000005
2026-04-25 17:10:56 | Epoch 01569 | train: 0.000004
2026-04-25 17:10:56 | Epoch 01570 | train: 0.000004
2026-04-25 17:10:56 | Epoch 01571 | train: 0.000004
2026-04-25 17:10:56 | Epoch 01572 | train: 0.000004
2026-04-25 17:10:56 | Epoch 01573 | train: 0.000004
2026-04-25 17:10:56 | Epoch 01574 | train: 0.000004
2026-04-25 17:10:56 | Epoch 01575 | train: 0.000005
2026-04-25 17:10:56 | Epoch 01576 | train: 0.000005
2026-04-25 17:10:56 | Epoch 01577 | train: 0.000004
2026-04-25 17:10:56 | Epoch 01578 | train: 0.000004
2026-04-25 17:10:56 | Epoch 01579 | train: 0.000004
2026-04-25 17:10:56 | Epoch 01580 | train: 0.000004
2026-04-25 17:10:57 | Epoch 01581 | train: 0.000004
2026-04-25 17:10:57 | Epoch 01582 | train: 0.000004
2026-04-25 17:10:57 | Epoch 01583 | train: 0.000004
2026-04-25 17:10:57 | Epoch 01584 | train: 0.000004
2026-04-25 17:10:57 | Epoch 01585 | train: 0.000005
2026-04-25 17:10:57 | Epoch 01586 | train: 0.000005
2026-04-25 17:10:57 | Epoch 01587 | train: 0.000004
2026-04-25 17:10:57 | Epoch 01588 | train: 0.000004
2026-04-25 17:10:57 | Epoch 01589 | train: 0.000004
2026-04-25 17:10:57 | Epoch 01590 | train: 0.000004
2026-04-25 17:10:57 | Epoch 01591 | train: 0.000004
2026-04-25 17:10:57 | Epoch 01592 | train: 0.000004
2026-04-25 17:10:57 | Epoch 01593 | train: 0.000004
2026-04-25 17:10:57 | Epoch 01594 | train: 0.000004
2026-04-25 17:10:57 | Epoch 01595 | train: 0.000004
2026-04-25 17:10:57 | Epoch 01596 | train: 0.000004
2026-04-25 17:10:57 | Epoch 01597 | train: 0.000004
2026-04-25 17:10:57 | Epoch 01598 | train: 0.000004
2026-04-25 17:10:57 | Epoch 01599 | train: 0.000004
2026-04-25 17:10:57 | Epoch 01600 | train: 0.000005
2026-04-25 17:10:57 | Epoch 01600 | test : 0.000003  [lr=3.27e-07]
2026-04-25 17:10:57 | Epoch 01600 | best model saved  (test_loss=0.000003)
2026-04-25 17:10:57 | Epoch 01601 | train: 0.000004
2026-04-25 17:10:57 | Epoch 01602 | train: 0.000005
2026-04-25 17:10:57 | Epoch 01603 | train: 0.000004
2026-04-25 17:10:57 | Epoch 01604 | train: 0.000004
2026-04-25 17:10:57 | Epoch 01605 | train: 0.000004
2026-04-25 17:10:57 | Epoch 01606 | train: 0.000005
2026-04-25 17:10:57 | Epoch 01607 | train: 0.000004
2026-04-25 17:10:57 | Epoch 01608 | train: 0.000005
2026-04-25 17:10:58 | Epoch 01609 | train: 0.000004
2026-04-25 17:10:58 | Epoch 01610 | train: 0.000005
2026-04-25 17:10:58 | Epoch 01611 | train: 0.000004
2026-04-25 17:10:58 | Epoch 01612 | train: 0.000005
2026-04-25 17:10:58 | Epoch 01613 | train: 0.000004
2026-04-25 17:10:58 | Epoch 01614 | train: 0.000005
2026-04-25 17:10:58 | Epoch 01615 | train: 0.000005
2026-04-25 17:10:58 | Epoch 01616 | train: 0.000004
2026-04-25 17:10:58 | Epoch 01617 | train: 0.000004
2026-04-25 17:10:58 | Epoch 01618 | train: 0.000005
2026-04-25 17:10:58 | Epoch 01619 | train: 0.000004
2026-04-25 17:10:58 | Epoch 01620 | train: 0.000004
2026-04-25 17:10:58 | Epoch 01621 | train: 0.000004
2026-04-25 17:10:58 | Epoch 01622 | train: 0.000004
2026-04-25 17:10:58 | Epoch 01623 | train: 0.000004
2026-04-25 17:10:58 | Epoch 01624 | train: 0.000005
2026-04-25 17:10:58 | Epoch 01625 | train: 0.000005
2026-04-25 17:10:58 | Epoch 01626 | train: 0.000005
2026-04-25 17:10:58 | Epoch 01627 | train: 0.000004
2026-04-25 17:10:58 | Epoch 01628 | train: 0.000004
2026-04-25 17:10:58 | Epoch 01629 | train: 0.000004
2026-04-25 17:10:58 | Epoch 01630 | train: 0.000004
2026-04-25 17:10:58 | Epoch 01631 | train: 0.000005
2026-04-25 17:10:58 | Epoch 01632 | train: 0.000004
2026-04-25 17:10:58 | Epoch 01633 | train: 0.000004
2026-04-25 17:10:58 | Epoch 01634 | train: 0.000004
2026-04-25 17:10:58 | Epoch 01635 | train: 0.000004
2026-04-25 17:10:58 | Epoch 01636 | train: 0.000004
2026-04-25 17:10:58 | Epoch 01637 | train: 0.000004
2026-04-25 17:10:58 | Epoch 01638 | train: 0.000004
2026-04-25 17:10:59 | Epoch 01639 | train: 0.000005
2026-04-25 17:10:59 | Epoch 01640 | train: 0.000004
2026-04-25 17:10:59 | Epoch 01641 | train: 0.000005
2026-04-25 17:10:59 | Epoch 01642 | train: 0.000004
2026-04-25 17:10:59 | Epoch 01643 | train: 0.000004
2026-04-25 17:10:59 | Epoch 01644 | train: 0.000004
2026-04-25 17:10:59 | Epoch 01645 | train: 0.000004
2026-04-25 17:10:59 | Epoch 01646 | train: 0.000004
2026-04-25 17:10:59 | Epoch 01647 | train: 0.000004
2026-04-25 17:10:59 | Epoch 01648 | train: 0.000004
2026-04-25 17:10:59 | Epoch 01649 | train: 0.000004
2026-04-25 17:10:59 | Epoch 01650 | train: 0.000004
2026-04-25 17:10:59 | Epoch 01651 | train: 0.000005
2026-04-25 17:10:59 | Epoch 01652 | train: 0.000004
2026-04-25 17:10:59 | Epoch 01653 | train: 0.000004
2026-04-25 17:10:59 | Epoch 01654 | train: 0.000004
2026-04-25 17:10:59 | Epoch 01655 | train: 0.000004
2026-04-25 17:10:59 | Epoch 01656 | train: 0.000004
2026-04-25 17:10:59 | Epoch 01657 | train: 0.000004
2026-04-25 17:10:59 | Epoch 01658 | train: 0.000004
2026-04-25 17:10:59 | Epoch 01659 | train: 0.000005
2026-04-25 17:10:59 | Epoch 01660 | train: 0.000005
2026-04-25 17:10:59 | Epoch 01661 | train: 0.000004
2026-04-25 17:10:59 | Epoch 01662 | train: 0.000005
2026-04-25 17:10:59 | Epoch 01663 | train: 0.000004
2026-04-25 17:10:59 | Epoch 01664 | train: 0.000004
2026-04-25 17:10:59 | Epoch 01665 | train: 0.000004
2026-04-25 17:10:59 | Epoch 01666 | train: 0.000005
2026-04-25 17:10:59 | Epoch 01667 | train: 0.000004
2026-04-25 17:11:00 | Epoch 01668 | train: 0.000004
2026-04-25 17:11:00 | Epoch 01669 | train: 0.000004
2026-04-25 17:11:00 | Epoch 01670 | train: 0.000005
2026-04-25 17:11:00 | Epoch 01671 | train: 0.000005
2026-04-25 17:11:00 | Epoch 01672 | train: 0.000004
2026-04-25 17:11:00 | Epoch 01673 | train: 0.000004
2026-04-25 17:11:00 | Epoch 01674 | train: 0.000004
2026-04-25 17:11:00 | Epoch 01675 | train: 0.000004
2026-04-25 17:11:00 | Epoch 01676 | train: 0.000005
2026-04-25 17:11:00 | Epoch 01677 | train: 0.000004
2026-04-25 17:11:00 | Epoch 01678 | train: 0.000004
2026-04-25 17:11:00 | Epoch 01679 | train: 0.000004
2026-04-25 17:11:00 | Epoch 01680 | train: 0.000004
2026-04-25 17:11:00 | Epoch 01681 | train: 0.000005
2026-04-25 17:11:00 | Epoch 01682 | train: 0.000004
2026-04-25 17:11:00 | Epoch 01683 | train: 0.000004
2026-04-25 17:11:00 | Epoch 01684 | train: 0.000005
2026-04-25 17:11:00 | Epoch 01685 | train: 0.000004
2026-04-25 17:11:00 | Epoch 01686 | train: 0.000005
2026-04-25 17:11:00 | Epoch 01687 | train: 0.000004
2026-04-25 17:11:00 | Epoch 01688 | train: 0.000004
2026-04-25 17:11:00 | Epoch 01689 | train: 0.000004
2026-04-25 17:11:00 | Epoch 01690 | train: 0.000004
2026-04-25 17:11:00 | Epoch 01691 | train: 0.000004
2026-04-25 17:11:00 | Epoch 01692 | train: 0.000004
2026-04-25 17:11:00 | Epoch 01693 | train: 0.000004
2026-04-25 17:11:00 | Epoch 01694 | train: 0.000004
2026-04-25 17:11:00 | Epoch 01695 | train: 0.000004
2026-04-25 17:11:00 | Epoch 01696 | train: 0.000004
2026-04-25 17:11:00 | Epoch 01697 | train: 0.000004
2026-04-25 17:11:01 | Epoch 01698 | train: 0.000004
2026-04-25 17:11:01 | Epoch 01699 | train: 0.000004
2026-04-25 17:11:01 | Epoch 01700 | train: 0.000004
2026-04-25 17:11:01 | Epoch 01701 | train: 0.000004
2026-04-25 17:11:01 | Epoch 01702 | train: 0.000004
2026-04-25 17:11:01 | Epoch 01703 | train: 0.000005
2026-04-25 17:11:01 | Epoch 01704 | train: 0.000004
2026-04-25 17:11:01 | Epoch 01705 | train: 0.000004
2026-04-25 17:11:01 | Epoch 01706 | train: 0.000005
2026-04-25 17:11:01 | Epoch 01707 | train: 0.000004
2026-04-25 17:11:01 | Epoch 01708 | train: 0.000005
2026-04-25 17:11:01 | Epoch 01709 | train: 0.000004
2026-04-25 17:11:01 | Epoch 01710 | train: 0.000004
2026-04-25 17:11:01 | Epoch 01711 | train: 0.000004
2026-04-25 17:11:01 | Epoch 01712 | train: 0.000005
2026-04-25 17:11:01 | Epoch 01713 | train: 0.000005
2026-04-25 17:11:01 | Epoch 01714 | train: 0.000004
2026-04-25 17:11:01 | Epoch 01715 | train: 0.000004
2026-04-25 17:11:01 | Epoch 01716 | train: 0.000004
2026-04-25 17:11:01 | Epoch 01717 | train: 0.000004
2026-04-25 17:11:01 | Epoch 01718 | train: 0.000005
2026-04-25 17:11:01 | Epoch 01719 | train: 0.000004
2026-04-25 17:11:01 | Epoch 01720 | train: 0.000004
2026-04-25 17:11:01 | Epoch 01721 | train: 0.000004
2026-04-25 17:11:01 | Epoch 01722 | train: 0.000005
2026-04-25 17:11:01 | Epoch 01723 | train: 0.000004
2026-04-25 17:11:01 | Epoch 01724 | train: 0.000004
2026-04-25 17:11:01 | Epoch 01725 | train: 0.000005
2026-04-25 17:11:01 | Epoch 01726 | train: 0.000005
2026-04-25 17:11:01 | Epoch 01727 | train: 0.000004
2026-04-25 17:11:02 | Epoch 01728 | train: 0.000004
2026-04-25 17:11:02 | Epoch 01729 | train: 0.000004
2026-04-25 17:11:02 | Epoch 01730 | train: 0.000004
2026-04-25 17:11:02 | Epoch 01731 | train: 0.000004
2026-04-25 17:11:02 | Epoch 01732 | train: 0.000004
2026-04-25 17:11:02 | Epoch 01733 | train: 0.000004
2026-04-25 17:11:02 | Epoch 01734 | train: 0.000004
2026-04-25 17:11:02 | Epoch 01735 | train: 0.000005
2026-04-25 17:11:02 | Epoch 01736 | train: 0.000005
2026-04-25 17:11:02 | Epoch 01737 | train: 0.000004
2026-04-25 17:11:02 | Epoch 01738 | train: 0.000005
2026-04-25 17:11:02 | Epoch 01739 | train: 0.000004
2026-04-25 17:11:02 | Epoch 01740 | train: 0.000005
2026-04-25 17:11:02 | Epoch 01741 | train: 0.000005
2026-04-25 17:11:02 | Epoch 01742 | train: 0.000004
2026-04-25 17:11:02 | Epoch 01743 | train: 0.000005
2026-04-25 17:11:02 | Epoch 01744 | train: 0.000004
2026-04-25 17:11:02 | Epoch 01745 | train: 0.000004
2026-04-25 17:11:02 | Epoch 01746 | train: 0.000004
2026-04-25 17:11:02 | Epoch 01747 | train: 0.000005
2026-04-25 17:11:02 | Epoch 01748 | train: 0.000004
2026-04-25 17:11:02 | Epoch 01749 | train: 0.000005
2026-04-25 17:11:02 | Epoch 01750 | train: 0.000004
2026-04-25 17:11:02 | Epoch 01751 | train: 0.000004
2026-04-25 17:11:02 | Epoch 01752 | train: 0.000004
2026-04-25 17:11:02 | Epoch 01753 | train: 0.000004
2026-04-25 17:11:02 | Epoch 01754 | train: 0.000004
2026-04-25 17:11:02 | Epoch 01755 | train: 0.000005
2026-04-25 17:11:02 | Epoch 01756 | train: 0.000004
2026-04-25 17:11:02 | Epoch 01757 | train: 0.000004
2026-04-25 17:11:03 | Epoch 01758 | train: 0.000004
2026-04-25 17:11:03 | Epoch 01759 | train: 0.000004
2026-04-25 17:11:03 | Epoch 01760 | train: 0.000004
2026-04-25 17:11:03 | Epoch 01761 | train: 0.000004
2026-04-25 17:11:03 | Epoch 01762 | train: 0.000004
2026-04-25 17:11:03 | Epoch 01763 | train: 0.000005
2026-04-25 17:11:03 | Epoch 01764 | train: 0.000004
2026-04-25 17:11:03 | Epoch 01765 | train: 0.000004
2026-04-25 17:11:03 | Epoch 01766 | train: 0.000004
2026-04-25 17:11:03 | Epoch 01767 | train: 0.000004
2026-04-25 17:11:03 | Epoch 01768 | train: 0.000004
2026-04-25 17:11:03 | Epoch 01769 | train: 0.000004
2026-04-25 17:11:03 | Epoch 01770 | train: 0.000005
2026-04-25 17:11:03 | Epoch 01771 | train: 0.000004
2026-04-25 17:11:03 | Epoch 01772 | train: 0.000004
2026-04-25 17:11:03 | Epoch 01773 | train: 0.000004
2026-04-25 17:11:03 | Epoch 01774 | train: 0.000004
2026-04-25 17:11:03 | Epoch 01775 | train: 0.000004
2026-04-25 17:11:03 | Epoch 01776 | train: 0.000004
2026-04-25 17:11:03 | Epoch 01777 | train: 0.000004
2026-04-25 17:11:03 | Epoch 01778 | train: 0.000004
2026-04-25 17:11:03 | Epoch 01779 | train: 0.000004
2026-04-25 17:11:03 | Epoch 01780 | train: 0.000004
2026-04-25 17:11:03 | Epoch 01781 | train: 0.000004
2026-04-25 17:11:03 | Epoch 01782 | train: 0.000004
2026-04-25 17:11:03 | Epoch 01783 | train: 0.000004
2026-04-25 17:11:03 | Epoch 01784 | train: 0.000004
2026-04-25 17:11:03 | Epoch 01785 | train: 0.000004
2026-04-25 17:11:03 | Epoch 01786 | train: 0.000004
2026-04-25 17:11:03 | Epoch 01787 | train: 0.000004
2026-04-25 17:11:04 | Epoch 01788 | train: 0.000004
2026-04-25 17:11:04 | Epoch 01789 | train: 0.000005
2026-04-25 17:11:04 | Epoch 01790 | train: 0.000004
2026-04-25 17:11:04 | Epoch 01791 | train: 0.000004
2026-04-25 17:11:04 | Epoch 01792 | train: 0.000004
2026-04-25 17:11:04 | Epoch 01793 | train: 0.000004
2026-04-25 17:11:04 | Epoch 01794 | train: 0.000004
2026-04-25 17:11:04 | Epoch 01795 | train: 0.000004
2026-04-25 17:11:04 | Epoch 01796 | train: 0.000004
2026-04-25 17:11:04 | Epoch 01797 | train: 0.000004
2026-04-25 17:11:04 | Epoch 01798 | train: 0.000004
2026-04-25 17:11:04 | Epoch 01799 | train: 0.000005
2026-04-25 17:11:04 | Epoch 01800 | train: 0.000005
2026-04-25 17:11:04 | Epoch 01800 | test : 0.000003  [lr=1.20e-07]
2026-04-25 17:11:04 | Epoch 01801 | train: 0.000005
2026-04-25 17:11:04 | Epoch 01802 | train: 0.000004
2026-04-25 17:11:04 | Epoch 01803 | train: 0.000004
2026-04-25 17:11:04 | Epoch 01804 | train: 0.000005
2026-04-25 17:11:04 | Epoch 01805 | train: 0.000005
2026-04-25 17:11:04 | Epoch 01806 | train: 0.000004
2026-04-25 17:11:04 | Epoch 01807 | train: 0.000004
2026-04-25 17:11:04 | Epoch 01808 | train: 0.000005
2026-04-25 17:11:04 | Epoch 01809 | train: 0.000004
2026-04-25 17:11:04 | Epoch 01810 | train: 0.000005
2026-04-25 17:11:04 | Epoch 01811 | train: 0.000004
2026-04-25 17:11:04 | Epoch 01812 | train: 0.000004
2026-04-25 17:11:04 | Epoch 01813 | train: 0.000004
2026-04-25 17:11:04 | Epoch 01814 | train: 0.000004
2026-04-25 17:11:04 | Epoch 01815 | train: 0.000004
2026-04-25 17:11:04 | Epoch 01816 | train: 0.000005
2026-04-25 17:11:05 | Epoch 01817 | train: 0.000004
2026-04-25 17:11:05 | Epoch 01818 | train: 0.000004
2026-04-25 17:11:05 | Epoch 01819 | train: 0.000004
2026-04-25 17:11:05 | Epoch 01820 | train: 0.000004
2026-04-25 17:11:05 | Epoch 01821 | train: 0.000004
2026-04-25 17:11:05 | Epoch 01822 | train: 0.000005
2026-04-25 17:11:05 | Epoch 01823 | train: 0.000004
2026-04-25 17:11:05 | Epoch 01824 | train: 0.000005
2026-04-25 17:11:05 | Epoch 01825 | train: 0.000004
2026-04-25 17:11:05 | Epoch 01826 | train: 0.000004
2026-04-25 17:11:05 | Epoch 01827 | train: 0.000004
2026-04-25 17:11:05 | Epoch 01828 | train: 0.000005
2026-04-25 17:11:05 | Epoch 01829 | train: 0.000005
2026-04-25 17:11:05 | Epoch 01830 | train: 0.000004
2026-04-25 17:11:05 | Epoch 01831 | train: 0.000004
2026-04-25 17:11:05 | Epoch 01832 | train: 0.000004
2026-04-25 17:11:05 | Epoch 01833 | train: 0.000004
2026-04-25 17:11:05 | Epoch 01834 | train: 0.000005
2026-04-25 17:11:05 | Epoch 01835 | train: 0.000004
2026-04-25 17:11:05 | Epoch 01836 | train: 0.000004
2026-04-25 17:11:05 | Epoch 01837 | train: 0.000005
2026-04-25 17:11:05 | Epoch 01838 | train: 0.000004
2026-04-25 17:11:05 | Epoch 01839 | train: 0.000005
2026-04-25 17:11:05 | Epoch 01840 | train: 0.000004
2026-04-25 17:11:05 | Epoch 01841 | train: 0.000004
2026-04-25 17:11:05 | Epoch 01842 | train: 0.000004
2026-04-25 17:11:05 | Epoch 01843 | train: 0.000004
2026-04-25 17:11:05 | Epoch 01844 | train: 0.000004
2026-04-25 17:11:05 | Epoch 01845 | train: 0.000004
2026-04-25 17:11:05 | Epoch 01846 | train: 0.000005
2026-04-25 17:11:06 | Epoch 01847 | train: 0.000004
2026-04-25 17:11:06 | Epoch 01848 | train: 0.000004
2026-04-25 17:11:06 | Epoch 01849 | train: 0.000004
2026-04-25 17:11:06 | Epoch 01850 | train: 0.000004
2026-04-25 17:11:06 | Epoch 01851 | train: 0.000004
2026-04-25 17:11:06 | Epoch 01852 | train: 0.000005
2026-04-25 17:11:06 | Epoch 01853 | train: 0.000004
2026-04-25 17:11:06 | Epoch 01854 | train: 0.000005
2026-04-25 17:11:06 | Epoch 01855 | train: 0.000004
2026-04-25 17:11:06 | Epoch 01856 | train: 0.000004
2026-04-25 17:11:06 | Epoch 01857 | train: 0.000004
2026-04-25 17:11:06 | Epoch 01858 | train: 0.000004
2026-04-25 17:11:06 | Epoch 01859 | train: 0.000005
2026-04-25 17:11:06 | Epoch 01860 | train: 0.000004
2026-04-25 17:11:06 | Epoch 01861 | train: 0.000004
2026-04-25 17:11:06 | Epoch 01862 | train: 0.000004
2026-04-25 17:11:06 | Epoch 01863 | train: 0.000004
2026-04-25 17:11:06 | Epoch 01864 | train: 0.000005
2026-04-25 17:11:06 | Epoch 01865 | train: 0.000004
2026-04-25 17:11:06 | Epoch 01866 | train: 0.000004
2026-04-25 17:11:06 | Epoch 01867 | train: 0.000004
2026-04-25 17:11:06 | Epoch 01868 | train: 0.000005
2026-04-25 17:11:06 | Epoch 01869 | train: 0.000004
2026-04-25 17:11:06 | Epoch 01870 | train: 0.000004
2026-04-25 17:11:06 | Epoch 01871 | train: 0.000004
2026-04-25 17:11:06 | Epoch 01872 | train: 0.000004
2026-04-25 17:11:06 | Epoch 01873 | train: 0.000004
2026-04-25 17:11:06 | Epoch 01874 | train: 0.000005
2026-04-25 17:11:06 | Epoch 01875 | train: 0.000005
2026-04-25 17:11:07 | Epoch 01876 | train: 0.000004
2026-04-25 17:11:07 | Epoch 01877 | train: 0.000004
2026-04-25 17:11:07 | Epoch 01878 | train: 0.000005
2026-04-25 17:11:07 | Epoch 01879 | train: 0.000005
2026-04-25 17:11:07 | Epoch 01880 | train: 0.000004
2026-04-25 17:11:07 | Epoch 01881 | train: 0.000004
2026-04-25 17:11:07 | Epoch 01882 | train: 0.000004
2026-04-25 17:11:07 | Epoch 01883 | train: 0.000005
2026-04-25 17:11:07 | Epoch 01884 | train: 0.000005
2026-04-25 17:11:07 | Epoch 01885 | train: 0.000004
2026-04-25 17:11:07 | Epoch 01886 | train: 0.000004
2026-04-25 17:11:07 | Epoch 01887 | train: 0.000004
2026-04-25 17:11:07 | Epoch 01888 | train: 0.000004
2026-04-25 17:11:07 | Epoch 01889 | train: 0.000005
2026-04-25 17:11:07 | Epoch 01890 | train: 0.000005
2026-04-25 17:11:07 | Epoch 01891 | train: 0.000004
2026-04-25 17:11:07 | Epoch 01892 | train: 0.000004
2026-04-25 17:11:07 | Epoch 01893 | train: 0.000005
2026-04-25 17:11:07 | Epoch 01894 | train: 0.000004
2026-04-25 17:11:07 | Epoch 01895 | train: 0.000004
2026-04-25 17:11:07 | Epoch 01896 | train: 0.000004
2026-04-25 17:11:07 | Epoch 01897 | train: 0.000005
2026-04-25 17:11:07 | Epoch 01898 | train: 0.000004
2026-04-25 17:11:07 | Epoch 01899 | train: 0.000004
2026-04-25 17:11:07 | Epoch 01900 | train: 0.000004
2026-04-25 17:11:07 | Epoch 01901 | train: 0.000005
2026-04-25 17:11:07 | Epoch 01902 | train: 0.000004
2026-04-25 17:11:07 | Epoch 01903 | train: 0.000005
2026-04-25 17:11:07 | Epoch 01904 | train: 0.000004
2026-04-25 17:11:07 | Epoch 01905 | train: 0.000005
2026-04-25 17:11:08 | Epoch 01906 | train: 0.000004
2026-04-25 17:11:08 | Epoch 01907 | train: 0.000004
2026-04-25 17:11:08 | Epoch 01908 | train: 0.000004
2026-04-25 17:11:08 | Epoch 01909 | train: 0.000005
2026-04-25 17:11:08 | Epoch 01910 | train: 0.000004
2026-04-25 17:11:08 | Epoch 01911 | train: 0.000004
2026-04-25 17:11:08 | Epoch 01912 | train: 0.000004
2026-04-25 17:11:08 | Epoch 01913 | train: 0.000004
2026-04-25 17:11:08 | Epoch 01914 | train: 0.000005
2026-04-25 17:11:08 | Epoch 01915 | train: 0.000005
2026-04-25 17:11:08 | Epoch 01916 | train: 0.000004
2026-04-25 17:11:08 | Epoch 01917 | train: 0.000005
2026-04-25 17:11:08 | Epoch 01918 | train: 0.000004
2026-04-25 17:11:08 | Epoch 01919 | train: 0.000004
2026-04-25 17:11:08 | Epoch 01920 | train: 0.000005
2026-04-25 17:11:08 | Epoch 01921 | train: 0.000004
2026-04-25 17:11:08 | Epoch 01922 | train: 0.000005
2026-04-25 17:11:08 | Epoch 01923 | train: 0.000005
2026-04-25 17:11:08 | Epoch 01924 | train: 0.000004
2026-04-25 17:11:08 | Epoch 01925 | train: 0.000004
2026-04-25 17:11:08 | Epoch 01926 | train: 0.000004
2026-04-25 17:11:08 | Epoch 01927 | train: 0.000004
2026-04-25 17:11:08 | Epoch 01928 | train: 0.000004
2026-04-25 17:11:08 | Epoch 01929 | train: 0.000004
2026-04-25 17:11:08 | Epoch 01930 | train: 0.000004
2026-04-25 17:11:08 | Epoch 01931 | train: 0.000004
2026-04-25 17:11:08 | Epoch 01932 | train: 0.000004
2026-04-25 17:11:08 | Epoch 01933 | train: 0.000005
2026-04-25 17:11:08 | Epoch 01934 | train: 0.000005
2026-04-25 17:11:08 | Epoch 01935 | train: 0.000004
2026-04-25 17:11:09 | Epoch 01936 | train: 0.000004
2026-04-25 17:11:09 | Epoch 01937 | train: 0.000005
2026-04-25 17:11:09 | Epoch 01938 | train: 0.000005
2026-04-25 17:11:09 | Epoch 01939 | train: 0.000004
2026-04-25 17:11:09 | Epoch 01940 | train: 0.000004
2026-04-25 17:11:09 | Epoch 01941 | train: 0.000005
2026-04-25 17:11:09 | Epoch 01942 | train: 0.000005
2026-04-25 17:11:09 | Epoch 01943 | train: 0.000004
2026-04-25 17:11:09 | Epoch 01944 | train: 0.000004
2026-04-25 17:11:09 | Epoch 01945 | train: 0.000005
2026-04-25 17:11:09 | Epoch 01946 | train: 0.000004
2026-04-25 17:11:09 | Epoch 01947 | train: 0.000005
2026-04-25 17:11:09 | Epoch 01948 | train: 0.000005
2026-04-25 17:11:09 | Epoch 01949 | train: 0.000004
2026-04-25 17:11:09 | Epoch 01950 | train: 0.000004
2026-04-25 17:11:09 | Epoch 01951 | train: 0.000004
2026-04-25 17:11:09 | Epoch 01952 | train: 0.000004
2026-04-25 17:11:09 | Epoch 01953 | train: 0.000004
2026-04-25 17:11:09 | Epoch 01954 | train: 0.000004
2026-04-25 17:11:09 | Epoch 01955 | train: 0.000004
2026-04-25 17:11:09 | Epoch 01956 | train: 0.000004
2026-04-25 17:11:09 | Epoch 01957 | train: 0.000004
2026-04-25 17:11:09 | Epoch 01958 | train: 0.000004
2026-04-25 17:11:09 | Epoch 01959 | train: 0.000004
2026-04-25 17:11:09 | Epoch 01960 | train: 0.000004
2026-04-25 17:11:09 | Epoch 01961 | train: 0.000005
2026-04-25 17:11:09 | Epoch 01962 | train: 0.000004
2026-04-25 17:11:09 | Epoch 01963 | train: 0.000004
2026-04-25 17:11:09 | Epoch 01964 | train: 0.000004
2026-04-25 17:11:09 | Epoch 01965 | train: 0.000004
2026-04-25 17:11:10 | Epoch 01966 | train: 0.000005
2026-04-25 17:11:10 | Epoch 01967 | train: 0.000004
2026-04-25 17:11:10 | Epoch 01968 | train: 0.000004
2026-04-25 17:11:10 | Epoch 01969 | train: 0.000005
2026-04-25 17:11:10 | Epoch 01970 | train: 0.000004
2026-04-25 17:11:10 | Epoch 01971 | train: 0.000005
2026-04-25 17:11:10 | Epoch 01972 | train: 0.000004
2026-04-25 17:11:10 | Epoch 01973 | train: 0.000005
2026-04-25 17:11:10 | Epoch 01974 | train: 0.000004
2026-04-25 17:11:10 | Epoch 01975 | train: 0.000004
2026-04-25 17:11:10 | Epoch 01976 | train: 0.000004
2026-04-25 17:11:10 | Epoch 01977 | train: 0.000005
2026-04-25 17:11:10 | Epoch 01978 | train: 0.000004
2026-04-25 17:11:10 | Epoch 01979 | train: 0.000004
2026-04-25 17:11:10 | Epoch 01980 | train: 0.000004
2026-04-25 17:11:10 | Epoch 01981 | train: 0.000004
2026-04-25 17:11:10 | Epoch 01982 | train: 0.000004
2026-04-25 17:11:10 | Epoch 01983 | train: 0.000004
2026-04-25 17:11:10 | Epoch 01984 | train: 0.000004
2026-04-25 17:11:10 | Epoch 01985 | train: 0.000005
2026-04-25 17:11:10 | Epoch 01986 | train: 0.000005
2026-04-25 17:11:10 | Epoch 01987 | train: 0.000004
2026-04-25 17:11:10 | Epoch 01988 | train: 0.000004
2026-04-25 17:11:10 | Epoch 01989 | train: 0.000004
2026-04-25 17:11:10 | Epoch 01990 | train: 0.000004
2026-04-25 17:11:10 | Epoch 01991 | train: 0.000005
2026-04-25 17:11:10 | Epoch 01992 | train: 0.000004
2026-04-25 17:11:10 | Epoch 01993 | train: 0.000004
2026-04-25 17:11:10 | Epoch 01994 | train: 0.000004
2026-04-25 17:11:10 | Epoch 01995 | train: 0.000004
2026-04-25 17:11:11 | Epoch 01996 | train: 0.000004
2026-04-25 17:11:11 | Epoch 01997 | train: 0.000004
2026-04-25 17:11:11 | Epoch 01998 | train: 0.000004
2026-04-25 17:11:11 | Epoch 01999 | train: 0.000004
2026-04-25 17:11:11 | ============================================================
2026-04-25 17:11:11 | Training finished | best test loss: 0.000003
2026-04-25 17:11:11 | ============================================================
